Name (English),Region of Focus,Language,Entity owner (English),Parent entity (English),Facebook page,Facebook URL,Facebook Follower #
Yang Xinmeng (Abby Yang),Anglosphere,English,China Media Group (CMG),Central Publicity Department,itsAbby-103043374799622,https://www.facebook.com/itsAbby-103043374799622,1387432.0
Chen Zhong (Dechinghutay / Ghoti),Afghanistan,Pashto,China Media Group (CMG),Central Publicity Department,dechinghutay,https://www.facebook.com/dechinghutay/,1600000.0
Chinese Embassy in France,France,French,Ministry of Foreign Affairs,Ministry of Foreign Affairs,AmbassadeChine,https://www.facebook.com/AmbassadeChine,61000.0
Chinese Embassy in Dem. Rep. of Congo (Kinshasa),Dem. Rep. of Congo,French,Ministry of Foreign Affairs,Ministry of Foreign Affairs,profile.php?id=100091791662713,https://www.facebook.com/profile.php?id=100091791662713,132.0
Chinese Embassy in Italy,Italy,Italian,Ministry of Foreign Affairs,Ministry of Foreign Affairs,chineseembassyitaly,https://www.facebook.com/chineseembassyitaly,17700.0
Fang Qiu,Trinidad and Tobago,English,Ministry of Foreign Affairs,Ministry of Foreign Affairs,fang.qiu.9847,https://www.facebook.com/fang.qiu.9847/,4500.0
Liao Liqiang,Egypt,Arabic,Ministry of Foreign Affairs,Ministry of Foreign Affairs,AmbLiaoliqiang,https://www.facebook.com/AmbLiaoliqiang,6200.0
Media Challengers,Anglosphere,English,China Media Group (CMG),Central Publicity Department,themediachallengers,https://www.facebook.com/themediachallengers/,93000.0
Andy Boreham,Shanghai,English,Shanghai United Media Group (SUMG),Shanghai Municipal Committee,reportsonchina,https://www.facebook.com/reportsonchina/,21000.0
We Are China,Anglosphere,English,People's Daily Press,Central Committee of the Chinese Communist Party,WeAreChinaVideos,https://www.facebook.com/WeAreChinaVideos/,25000000.0
CGTN Assignment Asia,Anglosphere,English,China Media Group (CMG),Central Publicity Department,cgtnassignmentasia,https://www.facebook.com/cgtnassignmentasia,102000.0
Ma Ye (Ayisha Elseenya / عائشة الصينية),MENA,Arabic,China Media Group (CMG),Central Publicity Department,AyishaElseenyOfficial,https://www.facebook.com/AyishaElseenyOfficial,2338731.0
Diba,China,Chinese,Diba,Diba,China.Di8,https://www.facebook.com/China.Di8/,41000.0
Discover Jiangxi,Jiangxi,English,Jiangxi Provincial Department of Culture and Tourism,Jiangxi Provincial People's Government,DiscoverJiangxi2018,https://www.facebook.com/DiscoverJiangxi2018,1200000.0
Discover Beijing,Anglosphere,English,unknown,unknown,DiscoverBeijing,https://www.facebook.com/DiscoverBeijing/,4000000.0
Beijing Review,Beijing,English,China International Communications Group (CICG),Central Publicity Department,BJReview,https://www.facebook.com/BJReview,94300.0
Belt and Road News Network,Anglosphere,English,People's Daily Press,Central Committee of the Chinese Communist Party,TheBeltandRoadNewsNetwork,https://www.facebook.com/TheBeltandRoadNewsNetwork/,4900000.0
Chinese Embassy in Pakistan,Pakistan,English,Ministry of Foreign Affairs,Ministry of Foreign Affairs,profile.php?id=100071253341591,https://www.facebook.com/profile.php?id=100071253341591,6800.0
CCTV+,China,Chinese,China Media Group (CMG),Central Publicity Department,NewsContent.CCTVPLUS/,https://www.facebook.com/NewsContent.CCTVPLUS/,918000.0
CCTV News,China,Chinese,China Media Group (CMG),Central Publicity Department,cctvxinwen,https://www.facebook.com/cctvxinwen/,2400.0
China Daily Hong Kong,Hong Kong,English,China Daily Press,Central Publicity Department,chinadailyhkedition,https://www.facebook.com/chinadailyhkedition/,1700000.0
China Daily Sci-tech,Anglosphere,English,China Daily Press,Central Publicity Department,ChinaDailySciTech,https://www.facebook.com/ChinaDailySciTech/,8700000.0
Cen Ziyuan (Jasmine Cen),Anglosphere,English,China Media Group (CMG),Central Publicity Department,jasminecenz,https://www.facebook.com/jasminecenz,148.0
CGTN Inheritors,Anglosphere,English,China Media Group (CMG),Central Publicity Department,cgtn.inheritors,https://www.facebook.com/cgtn.inheritors/,204000.0
CGTN Style,Anglosphere,English,China Media Group (CMG),Central Publicity Department,CGTN-Style-117178546331993,https://www.facebook.com/CGTN-Style-117178546331993/,1165.0
CGTN Africa,African Union,English,China Media Group (CMG),Central Publicity Department,cgtnafrica,https://www.facebook.com/cgtnafrica,4587965.0
CGTN America,USA,English,China Media Group (CMG),Central Publicity Department,cgtnamerica,https://www.facebook.com/cgtnamerica,1550082.0
CGTN Business,Anglosphere,English,China Media Group (CMG),Central Publicity Department,CGTNBusiness,https://www.facebook.com/CGTNBusiness,102253.0
CGTN DC Producers,USA,English,China Media Group (CMG),Central Publicity Department,CGTNDialogueideasmatter,https://www.facebook.com/CGTNDialogueideasmatter,131000.0
CGTN Europe,EU,English,China Media Group (CMG),Central Publicity Department,cgtneuropeofficial,https://www.facebook.com/cgtneuropeofficial,2100000.0
CGTN Food,Anglosphere,English,China Media Group (CMG),Central Publicity Department,CGTN-Food-100820617981722,https://www.facebook.com/CGTN-Food-100820617981722/,520.0
CGTN Français,la Francophonie,French,China Media Group (CMG),Central Publicity Department,CGTNFrancais,https://www.facebook.com/CGTNFrancais,20423675.0
CGTN Global Business,Anglosphere,English,China Media Group (CMG),Central Publicity Department,CGTNGlobalBusiness,https://www.facebook.com/CGTNGlobalBusiness/,1600000.0
CGTN Graphics,Anglosphere,English,China Media Group (CMG),Central Publicity Department,CGTNGraphics,https://www.facebook.com/CGTNGraphics,545.0
CGTN,Anglosphere,English,China Media Group (CMG),Central Publicity Department,ChinaGlobalTVNetwork,https://www.facebook.com/ChinaGlobalTVNetwork,116450496.0
CGTN Sports Scene,Anglosphere,English,China Media Group (CMG),Central Publicity Department,CGTNSportsScene,https://www.facebook.com/CGTNSportsScene/,670000.0
CGTN Stories,Anglosphere,English,China Media Group (CMG),Central Publicity Department,CGTNStories,https://www.facebook.com/CGTNStories,95000.0
CGTN Tech,Anglosphere,English,China Media Group (CMG),Central Publicity Department,CGTN-Tech-104251674369966,https://www.facebook.com/CGTN-Tech-104251674369966/,600.0
CGTN Travel,Anglosphere,English,China Media Group (CMG),Central Publicity Department,CGTN-Travel-102031311241723,https://www.facebook.com/profile.php?id=100063864672999,96000.0
CGTN Travelogue,Anglosphere,English,China Media Group (CMG),Central Publicity Department,cgtntravelogue,https://www.facebook.com/cgtntravelogue/,517000.0
Liu Chen,Kenya,English,China Media Group (CMG),Central Publicity Department,profile.php?id=100057358513319,https://www.facebook.com/profile.php?id=100057358513319,88000.0
China Focus,Anglosphere,English,China International Communications Group (CICG),Central Publicity Department,ChinaFocus2015,https://www.facebook.com/ChinaFocus2015/,3200000.0
Chinese Embassy in Ukraine,Ukraine,Ukrainian,Ministry of Foreign Affairs,Ministry of Foreign Affairs,chinaembua,https://www.facebook.com/chinaembua,2500.0
"Xiamen, China",Fujian,English,Xiamen Culture and Tourism Bureau,Xiamen Municipal People's Government,xiamengov,https://www.facebook.com/xiamengov/,396000.0
CGTN China Takeaway,Anglosphere,English,China Media Group (CMG),Central Publicity Department,China24Official,https://www.facebook.com/China24Official,1000000.0
China Culture,Anglosphere,English,China Daily Press,Ministry of Culture and Tourism,chinacultureorg,https://www.facebook.com/chinacultureorg/,4000000.0
China Daily,Anglosphere,English,China Daily Press,Central Publicity Department,chinadaily,https://www.facebook.com/chinadaily,104613175.0
Chinese Embassy in Algeria,Algeria,Arabic,Ministry of Foreign Affairs,Ministry of Foreign Affairs,profile.php?id=100064477878508,https://www.facebook.com/profile.php?id=100064477878508,32000.0
Chinese Embassy in Antigua and Barbuda,Antigua and Barbuda,English,Ministry of Foreign Affairs,Ministry of Foreign Affairs,ChineseEmbassyinAntiguaandBarbuda,https://www.facebook.com/ChineseEmbassyinAntiguaandBarbuda,113.0
Chinese Embassy in Albania,Albania,Albanian,Ministry of Foreign Affairs,Ministry of Foreign Affairs,ChinaembassyT,https://www.facebook.com/ChinaembassyT,11.0
Chinese Embassy in Bahrain,Bahrain,Arabic,Ministry of Foreign Affairs,Ministry of Foreign Affairs,profile.php?id=100090874324645,https://www.facebook.com/profile.php?id=100090874324645,1100000.0
Chinese Embassy in Mauritania,Mauritania,Arabic,Ministry of Foreign Affairs,Ministry of Foreign Affairs,profile.php?id=100064680614335,https://www.facebook.com/profile.php?id=100064680614335,4200.0
Chinese Embassy in New Zealand,New Zealand,English,Ministry of Foreign Affairs,Ministry of Foreign Affairs,ChineseEmbassyInNZ,https://www.facebook.com/ChineseEmbassyInNZ,2100.0
Chinese Embassy in Netherlands,Netherlands,English,Ministry of Foreign Affairs,Ministry of Foreign Affairs,chinaembnl,https://www.facebook.com/chinaembnl,100000.0
China.org.cn (English),Anglosphere,English,China International Communications Group (CICG),Central Publicity Department,chinaorgcn,https://www.facebook.com/chinaorgcn/,34162330.0
People's Daily China Science,Anglosphere,English,People's Daily Press,Central Committee of the Chinese Communist Party,PDChinaScience/,https://www.facebook.com/PDChinaScience/,5800000.0
China Today,Anglosphere,English,China International Communications Group (CICG),Central Publicity Department,chinatodayreport,https://www.facebook.com/chinatodayreport/,14315.0
Chinese Embassy in Mali,Mali,French,Ministry of Foreign Affairs,Ministry of Foreign Affairs,AmbChineMali,https://www.facebook.com/AmbChineMali,3900.0
Chinese Embassy in Morocco,Morocco,French,Ministry of Foreign Affairs,Ministry of Foreign Affairs,ChineAmbMaroc,https://www.facebook.com/ChineAmbMaroc,1100.0
Chinese Embassy in Papua New Guinea,Papua New Guinea,English,Ministry of Foreign Affairs,Ministry of Foreign Affairs,ChineseEmbPNG,https://www.facebook.com/ChineseEmbPNG,2100.0
Chinese Embassy in Uganda,Uganda,English,Ministry of Foreign Affairs,Ministry of Foreign Affairs,Chinese.Emb.Uga,https://www.facebook.com/Chinese.Emb.Uga,1500.0
Chinese Embassy in Jordan,Jordan,Arabic,Ministry of Foreign Affairs,Ministry of Foreign Affairs,Chinaemb.Jordan,https://www.facebook.com/Chinaemb.Jordan,4900.0
Chinese Embassy in Hungary,Hungary,Hungarian,Ministry of Foreign Affairs,Ministry of Foreign Affairs,ChinaEmbHungar,https://www.facebook.com/ChinaEmbHungar,0.0
Chinese Embassy in Russia,Russia,Russian,Ministry of Foreign Affairs,Ministry of Foreign Affairs,AmbasadaChineiinRomania,https://www.facebook.com/AmbasadaChineiinRomania,20000.0
Chinese Embassy in United States,USA,English,Ministry of Foreign Affairs,Ministry of Foreign Affairs,ChineseEmbassyinUS,https://www.facebook.com/ChineseEmbassyinUS,55000.0
Chinese Embassy in Yemen,Yemen,Arabic,Ministry of Foreign Affairs,Ministry of Foreign Affairs,chineseembtoyemen,https://www.facebook.com/chineseembtoyemen,6800.0
Chinese Embassy in Liberia,Liberia,English,Ministry of Foreign Affairs,Ministry of Foreign Affairs,CNAmbLR,https://www.facebook.com/CNAmbLR,595.0
Chinese Embassy in Somalia,Somalia,English,Ministry of Foreign Affairs,Ministry of Foreign Affairs,chinainsa,https://www.facebook.com/chinainsa,75000.0
Chloé Zhou,la Francophonie,French,China Media Group (CMG),Central Publicity Department,Chloezhoubeijing,https://www.facebook.com/Chloezhoubeijing,1000000.0
Chinese Embassy in Egypt,Egypt,Arabic,Ministry of Foreign Affairs,Ministry of Foreign Affairs,hineseEmbinEgypt,https://www.facebook.com/@ChineseEmbinEgypt,48000.0
Chinese Embassy in Japan,Japan,Japanese,Ministry of Foreign Affairs,Ministry of Foreign Affairs,profile.php?id=100072261466319,https://www.facebook.com/profile.php?id=100072261466319,189.0
CRI Italian (Radio Cina Internazionale),Italy,Italian,China Media Group (CMG),Central Publicity Department,CriItaliano,https://www.facebook.com/CriItaliano/,939000.0
CGTN Closer to China,Anglosphere,English,China Media Group (CMG),Central Publicity Department,cgtnclosertochina,https://www.facebook.com/cgtnclosertochina,167000.0
China News Service (CNS) Agency,China,Chinese,China News Service (CNS),United Front Work Department,ChinaNewsService,https://www.facebook.com/ChinaNewsService,1200000.0
CRI Polish,Poland,Polish,China Media Group (CMG),Central Publicity Department,redakcjapolska,https://www.facebook.com/redakcjapolska,388000.0
Xu Zhike (Coco Studio),la Francophonie,French,China Media Group (CMG),Central Publicity Department,CocoStudioenChine/,https://www.facebook.com/CocoStudioenChine/,1300000.0
CMG Hindi,India,Hindi,China Media Group (CMG),Central Publicity Department,cmghindiservice,https://www.facebook.com/cmghindiservice,11000000.0
CRI Türkçe,Türkiye,Turkish,China Media Group (CMG),Central Publicity Department,criturkfm,https://www.facebook.com/criturkfm,116000.0
CRI Arabic,MENA,Arabic,China Media Group (CMG),Central Publicity Department,criarabic1,https://www.facebook.com/criarabic1,2700000.0
CRI Français,la Francophonie,French,China Media Group (CMG),Central Publicity Department,profile.php?id=100064674103235&spm=C88696.PW9lL1E2rNNB.0.0&ref=ts&fref=ts,https://www.facebook.com/profile.php?id=100064674103235&spm=C88696.PW9lL1E2rNNB.0.0&ref=ts&fref=ts,2500000.0
CRI German,Germany,German,China Media Group (CMG),Central Publicity Department,CRIGerman,https://www.facebook.com/CRIGerman,897000.0
CRI Greek,Greece,Greek,China Media Group (CMG),Central Publicity Department,profile.php?id=100068848134907,https://www.facebook.com/profile.php?id=100068848134907,155000.0
CRI Hausa,Nigeria,Hausa,China Media Group (CMG),Central Publicity Department,CGTNHausa,https://www.facebook.com/CGTNHausa,1400000.0
CRI Japanese,Japan,Japanese,China Media Group (CMG),Central Publicity Department,japanese.cri,https://www.facebook.com/japanese.cri,5900000.0
CRI Pashto,Afghanistan,Pashto,China Media Group (CMG),Central Publicity Department,pushtu.cri.cn,https://www.facebook.com/pushtu.cri.cn/,3200000.0
CRI Sinhala,Sri Lanka,Sinhalese,China Media Group (CMG),Central Publicity Department,crisrilanka,https://www.facebook.com/crisrilanka,1500000.0
CRI Urdu,Pakistan,Urdu,China Media Group (CMG),Central Publicity Department,CRIurdu,https://www.facebook.com/CRIurdu/,3200.0
China State Construction (CSCEC),Anglosphere,English,China State Construction Engineering (CSCEC),State Council,CSCECNews,https://www.facebook.com/CSCECNews/,1100000.0
CRI Mongolian,Mongolia,Mongolian,China Media Group (CMG),Central Publicity Department,mongolradio,https://www.facebook.com/mongolradio,5700.0
Wang Di'er (Deer Wang),Anglosphere,English,Xinhua News Agency,State Council,Deer-Wang-111316794562651,https://www.facebook.com/Deer-Wang-111316794562651,2600.0
Discover Binhai,Anglosphere,English,Department of Culture and Tourism of Tianjin Binhai District,People's Government of Tianjin Binhai New Area,DiscoverBinhai/,https://www.facebook.com/DiscoverBinhai/,1300.0
Discover Guangxi,Anglosphere,English,Department of Culture and Tourism of Guangxi Zhuang Autonomous Region,People's Government of Guangxi Zhuang Autonomous Region,DiscoverGuangxi,https://www.facebook.com/DiscoverGuangxi,115000.0
Discover Jilin,Anglosphere,English,Department of Culture and Tourism of Jilin Province,Jilin Provincial People's Government,discoverjilin,https://www.facebook.com/discoverjilin/,94000.0
Discover Nanjing,Anglosphere,English,Department of Culture and Tourism of Nanjing City,Nanjing Municipal People's Government,DiscoverNanjing,https://www.facebook.com/DiscoverNanjing/,1300000.0
Discover Zhejiang,Anglosphere,English,Department of Culture and Tourism of Zhejiang Province,People's Government of Zhejiang Province,zhejiangtourismbureau,https://www.facebook.com/zhejiangtourismbureau,3600.0
FM98 Dosti Channel,Pakistan,Urdu,China Media Group (CMG),Central Publicity Department,FM98DostiChannel,https://www.facebook.com/FM98DostiChannel,11000000.0
Dragon TV,Shanghai,Chinese,Shanghai Media Group (SMG),Shanghai Municipal Committee,smgdragontv,https://www.facebook.com/smgdragontv/,748000.0
Discover Xinjiang,Xinjiang,English,"Beijing Jiandanshiji Culture Media Co., Ltd",unknown,DiscoverXinjiang,https://www.facebook.com/DiscoverXinjiang,1500000.0
China News Service Net (eCNS),China,Chinese,China News Service (CNS),United Front Work Department,echinanews,https://www.facebook.com/echinanews/,1400000.0
Economic Daily,Anglosphere,English,Economic Daily Newspaper Group,State Council,EDNewsChina,https://www.facebook.com/EDNewsChina,3500000.0
Chinese Embassy in Mexico,Mexico,Spanish,Ministry of Foreign Affairs,Ministry of Foreign Affairs,EmbChinaMex,https://www.facebook.com/EmbChinaMex,135000.0
Explore Gansu,Anglosphere,English,General Office of the People's Government of Gansu Province,Gansu Provincial People's Government,ExploreGansu,https://www.facebook.com/ExploreGansu,717000.0
Wang Xin (Fayhaa Wang),Egypt,Arabic,China Media Group (CMG),Central Publicity Department,fayhaaChina,https://www.facebook.com/fayhaaChina,1300000.0
Xinhua Fly Over China,Anglosphere,English,Xinhua News Agency,State Council,FlyOverChina,https://www.facebook.com/FlyOverChina/,24000000.0
CGTN Frontline,Anglosphere,English,China Media Group (CMG),Central Publicity Department,FrontlineStoriesFromReporters,https://www.facebook.com/FrontlineStoriesFromReporters,277678.0
Yin Yue (Gabriel Y. Yin),China,Chinese,China Media Group (CMG),Central Publicity Department,Gabriel-Yin-2084018695188916,https://www.facebook.com/Gabriel-Yin-2084018695188916,26.0
Global Times,China,Chinese,People's Daily Press,Central Committee of the Chinese Communist Party,globaltimesnews,https://www.facebook.com/globaltimesnews,76000000.0
CGTN Global Watch,Anglosphere,English,China Media Group (CMG),Central Publicity Department,GlobalWatchCGTN,https://www.facebook.com/GlobalWatchCGTN,55230.0
Guangming Daily,China,Chinese,Guangming Daily Press,Central Publicity Department,guangmingdailyChina,https://www.facebook.com/guangmingdailyChina/,4817085.0
Guan Xin,Anglosphere,English,China Media Group (CMG),Central Publicity Department,GuanXinCGTN,https://www.facebook.com/GuanXinCGTN,1000000.0
Guyan Muchan,China,Chinese,Guangdong Provincial Cyberspace Administration,Office of the Cybersecurity and Information Technology Committee of the Guangdong Provincial Committee,profile.php?id=100066894302590,https://www.facebook.com/profile.php?id=100066894302590,1000.0
Gwadar Pro,Pakistan,Urdu,China Media Group (CMG),Central Publicity Department,GwadarProNews,https://www.facebook.com/GwadarProNews?__cft__[0]=AZW8Og2Bxo3yLCGQXQdAXg2eJjCQN5uXz6-d0iA76a-S3y4zo8ERROiarfbRIvKv0ZfX7zNOaGtY8iSXZ45jgFoDWXZh4Mn3bQKSlxONZgV88QZP3M66CwYv6M6KJ38WEweqTWP7_PSJjvvl8MXqXj4sfNgMUA_JQDDSnIza_MzvABhG73QA8OoroWXj3iiJB8A&__tn__=-UC%2CP-R,61000.0
Haiwai Net (People's Daily Overseas),USA,English,People's Daily Press,Central Committee of the Chinese Communist Party,profile.php?id=100063702356538,https://www.facebook.com/profile.php?id=100063702356538,12000.0
Haiwai Net (US Fusion Center),USA,English,People's Daily Press,Central Committee of the Chinese Communist Party,haiwainetus,https://www.facebook.com/haiwainetus,1200.0
Henan TV,Henan,Chinese,Henan Broadcasting System,Henan Provincial Committee,ChinaHenanTV,https://www.facebook.com/ChinaHenanTV/,1000.0
Global Times Net,China,Chinese,People's Daily Press,Central Committee of the Chinese Communist Party,aroundglobal7426,https://www.facebook.com/aroundglobal7426,6900.0
Hu Xijin,Anglosphere,English,People's Daily Press,Central Committee of the Chinese Communist Party,HuXijinGT,https://www.facebook.com/HuXijinGT/,6400.0
iChongqing,Chongqing,English,Chongqing International Communication Center,Chongqing Municipal Committee,iChongqing,https://www.facebook.com/iChongqing,7000000.0
Discover China,Anglosphere,English,China International Communications Group (CICG),Central Publicity Department,iDiscoverChina,https://www.facebook.com/iDiscoverChina,12000000.0
Zhang Qitong (QiTong Channel / Цитун Чжан),Russia,Russian,China Media Group (CMG),Central Publicity Department,studioqitong,https://www.facebook.com/QiTong-Channel-109039144271590,347000.0
In Qingdao (Meet Qingdao),Anglosphere,English,Qingdao MOFCOM,Qingdao Municipal People's Government,InQingdao,https://www.facebook.com/InQingdao,400000.0
iPanda,Anglosphere,English,China Media Group (CMG),Central Publicity Department,ipandacom,https://www.facebook.com/ipandacom,24000000.0
Insight Xiangshan,Anglosphere,English,Zhejiang Media Group (ZMG),Zhejiang Provincial People's Government,profile.php?id=100078441630290&locale=ms_MY&paipv=0&eav=AfbsFttSNbGlUJU5nqbp9Eewz5Xx3DHdyGyqM18zEeFxtQ7u7BNieqHN3up5ISQrDio,https://www.facebook.com/profile.php?id=100078441630290&locale=ms_MY&paipv=0&eav=AfbsFttSNbGlUJU5nqbp9Eewz5Xx3DHdyGyqM18zEeFxtQ7u7BNieqHN3up5ISQrDio,765.0
Zang Shijie (Jessica Zang),Anglosphere,English,China Media Group (CMG),Central Publicity Department,JessicaZanginChina,https://www.facebook.com/JessicaZanginChina,1200000.0
Li Jianhua,Anglosphere,English,China Media Group (CMG),Central Publicity Department,Jianhuajournalist,https://www.facebook.com/Jianhuajournalist,820.0
"Jilin, China",Jilin,English,China Daily Press,Jilin Provincial People's Government,jilinchina,https://www.facebook.com/jilinchina/,170000.0
Li Jingjing,Anglosphere,English,China Media Group (CMG),Central Publicity Department,TalkItOutWithLiJingjing,https://www.facebook.com/TalkItOutWithLiJingjing/,2900000.0
Kui Yingchun (Kate Kui),Anglosphere,English,China Media Group (CMG),Central Publicity Department,Kate-Kui-Business-News-Anchor-TMT-Sector-Eat-Read-Classical-Music-101998002023624,https://www.facebook.com/Kate-Kui-Business-News-Anchor-TMT-Sector-Eat-Read-Classical-Music-101998002023624,461000.0
Cao Bing,Japan,Japanese,China Media Group (CMG),Central Publicity Department,profile.php?id=100087213325638,https://www.facebook.com/profile.php?id=100087213325638,50000.0
Learn Chinese,Anglosphere,English,China Media Group (CMG),Central Publicity Department,crilearnchinese,https://www.facebook.com/crilearnchinese/,4300000.0
Han Yingya (Lena Han / LenaStudio),la Francophonie,French,China Media Group (CMG),Central Publicity Department,Hanyingya,https://www.facebook.com/Hanyingya,52000.0
Liu Xin,Anglosphere,English,China Media Group (CMG),Central Publicity Department,Liuxininbeijing-103733191524431/,https://www.facebook.com/Liuxininbeijing-103733191524431/,2500000.0
Jie Lynn (Lynn's Fantasy),la Francophonie,French,China Media Group (CMG),Central Publicity Department,LynnsFantasy,https://www.facebook.com/LynnsFantasy/,10255.0
Martina Fuchs,Anglosphere,English,Xinhua News Agency,State Council,martina.fuchs.146,https://www.facebook.com/martina.fuchs.146,4300.0
Zhang Lin (Melody Zhang),Anglosphere,English,China Media Group (CMG),Central Publicity Department,profile.php?id=100060124341866,https://www.facebook.com/Money-Honey-with-Melody-Zhang-341685517020314,962000.0
Foreign Ministry Spokesperson,Anglosphere,English,Ministry of Foreign Affairs,Ministry of Foreign Affairs,MFA.CHN,https://www.facebook.com/MFA.CHN,41000.0
Miao Xiaojuan,Anglosphere,English,Xinhua News Agency,State Council,miaoxiaojuan,https://www.facebook.com/miaoxiaojuan/,1800000.0
Mingala News,Myanmar,Burmese,Yunnan Media Group (YMG),Yunnan Provincial Committee,mingalanews,https://www.facebook.com/mingalanews,418000.0
Zhou Yiqiu (Rachel Zhou / Miss Wow),Anglosphere,English,China Media Group (CMG),Central Publicity Department,MissWow666,https://www.facebook.com/MissWow666/,1337393.0
Waruni JZ,Sri Lanka,Sinhalese,China Media Group (CMG),Central Publicity Department,Waruni-JZ-102001841620238/,https://www.facebook.com/Waruni-JZ-102001841620238/,1400000.0
Zhang Meng (Monica Zhang),Anglosphere,English,China Media Group (CMG),Central Publicity Department,mmMonicaZhang,https://www.facebook.com/mmMonicaZhang/,527000.0
Modern Express Post,Jiangsu,English,Phoenix Media Investment (Holdings) Limited,Bauhinia Culture Holdings Limited,ModernExpressEN,https://www.facebook.com/ModernExpressEN,24000.0
Ministry of Commerce (MOFCOM),China,Chinese,Ministry of Commerce Information Office,Ministry of Commerce (MOFCOM),mofcom.china,https://www.facebook.com/mofcom.china,687.0
Muyi Dima (مويي),MENA,Arabic,China Media Group (CMG),Central Publicity Department,MuyiDima,https://www.facebook.com/MuyiDima,1000000.0
Wang Yingying (A-Chan / Aちゃん),Japan,Japanese,China Media Group (CMG),Central Publicity Department,AchannoChinanow,https://www.facebook.com/AchannoChinanow,2000000.0
Patrick Zheng,Anglosphere,English,Xinhua News Agency,State Council,PatrickZhengCHN,https://www.facebook.com/PatrickZhengCHN,193000.0
People's Daily USA,USA,English,People's Daily Press,Central Committee of the Chinese Communist Party,rmrbbm,https://www.facebook.com/rmrbbm,203.0
People's Daily,China,Chinese,People's Daily Press,Central Committee of the Chinese Communist Party,PeoplesDaily,https://www.facebook.com/PeoplesDaily,85867335.0
People's Daily Business (Modern China),Anglosphere,English,People's Daily Press,Central Committee of the Chinese Communist Party,PDChinaBusiness,https://www.facebook.com/PDChinaBusiness/,6500000.0
People's Daily Hong Kong,Hong Kong,English,People's Daily Press,Central Committee of the Chinese Communist Party,PDChinaHK,https://www.facebook.com/PDChinaHK/,1400000.0
People's Daily Life,Anglosphere,English,People's Daily Press,Central Committee of the Chinese Communist Party,PDChinaLife,https://www.facebook.com/PDChinaLife/,3717365.0
People's Daily Sport China,Anglosphere,English,People's Daily Press,Central Committee of the Chinese Communist Party,PDChinaSports,https://www.facebook.com/PDChinaSports/,4700000.0
People's Daily Traditional Chinese,Anglosphere,English,People's Daily Press,Central Committee of the Chinese Communist Party,peopledaily,https://www.facebook.com/peopledaily,3800000.0
People's Daily Online Australia,Australia,English,People's Daily Press,Central Committee of the Chinese Communist Party,PDOAUS,https://www.facebook.com/PDOAUS,1500000.0
People's Daily App,Anglosphere,English,People's Daily Press,Central Committee of the Chinese Communist Party,PDappofficial,https://www.facebook.com/PDappofficial,541000.0
Chinese Embassy in Czech Rep.,Czech Rep.,Czech,Ministry of Foreign Affairs,Ministry of Foreign Affairs,chinaembassy.cz,https://www.facebook.com/chinaembassy.cz,34000.0
Chinese Embassy In Nepal,Nepal,English,Ministry of Foreign Affairs,Ministry of Foreign Affairs,ChinaEmbNepal,https://www.facebook.com/ChinaEmbNepal/,22000.0
CRI Albanian (Radio Ejani),Albania,Albanian,China Media Group (CMG),Central Publicity Department,CMGShqip,https://www.facebook.com/CMGShqip/,1100000.0
Guancha Syndicate,China,Chinese,"Shanghai Guanchazhe Information Technology Co.,Ltd",Shanghai Academy of Social Sciences (SASS),realGuancha,https://www.facebook.com/realGuancha,14000.0
Bai Yunyi (Rita Bai),Anglosphere,English,People's Daily Press,Central Committee of the Chinese Communist Party,profile.php?id=100074831960760,https://www.facebook.com/profile.php?id=100074831960760,1.0
"Sanya, China",Hainan,English,China Daily Press,Sanya Municipal People's Government,SanyaofChina,https://www.facebook.com/SanyaofChina/,709000.0
Hu Jianlin (Shalevetya / שלהבתיה),Israel,Hebrew,China Media Group (CMG),Central Publicity Department,Shalevetyah,https://www.facebook.com/Shalevetyah,677.0
Shanghai Daily SHINE,Shanghai,English,Shanghai United Media Group (SUMG),Shanghai Municipal Committee,ShanghaiDaily1999,https://www.facebook.com/ShanghaiDaily1999,616000.0
Shanghai Eye,Shanghai,English,Shanghai Media Group (SMG),Shanghai Municipal Committee,shanghaieyeSMG,https://www.facebook.com/shanghaieyeSMG/,2655682.0
Zhang Shanhui (Mon Pékin Express / Jacky Zhang),la Francophonie,French,China Media Group (CMG),Central Publicity Department,ZhangShanhui,https://www.facebook.com/ZhangShanhui/,245000.0
Shen Shiwei,Anglosphere,English,China Media Group (CMG),Central Publicity Department,ShenShiweiFB,https://www.facebook.com/ShenShiweiFB,50000.0
CRI Myanmar,Myanmar,Burmese,China Media Group (CMG),Central Publicity Department,myanmar.cri,https://www.facebook.com/myanmar.cri,1800000.0
Center.Sichuan,Sichuan,English,"Sichuan Daily Online Media Development Co., Ltd.",Sichuan Provincial Committee,profile.php?id=100076190284448,https://www.facebook.com/profile.php?id=100076190284448,23000.0
Sixth Tone,Shanghai,English,Shanghai United Media Group (SUMG),Shanghai Municipal Committee,sixthtone,https://www.facebook.com/sixthtone,696000.0
Kankan News,Shanghai,Chinese,Shanghai Media Group (SMG),Shanghai Municipal Committee,kankanews,https://www.facebook.com/kankanews,0.0
Space Town Wenchang,Hainan,Chinese,unknown,unknown,profile.php?id=100082566804212&paipv=0&eav=Afa5GMw44Bzrn-Ep8OWN3I92hYhOcUk03c5TZ7n-IF2UjcrLBb_460MBK4Zy1T5ciWU,https://www.facebook.com/profile.php?id=100082566804212&paipv=0&eav=Afa5GMw44Bzrn-Ep8OWN3I92hYhOcUk03c5TZ7n-IF2UjcrLBb_460MBK4Zy1T5ciWU,49.0
Hua Chunying,Anglosphere,English,Ministry of Foreign Affairs,Ministry of Foreign Affairs,profile.php?id=100092522612975,https://www.facebook.com/profile.php?id=100092522612975,744.0
Ye Xinhua (Suad Ye),MENA,Arabic,China Media Group (CMG),Central Publicity Department,suadxinxin,https://www.facebook.com/suadxinxin,1600000.0
CRI Swahili,East African Community,Swahili,China Media Group (CMG),Central Publicity Department,swahilicricn,https://www.facebook.com/swahilicricn,2200000.0
Ta Kung News,Hong Kong,Chinese,Hong Kong Ta Kung Wen Wei Media Group (HKTKWW),Hong Kong Liaison Office of the Central Government ,tkp1902,https://www.facebook.com/tkp1902,52000.0
Ta Kung Wen Wei,Hong Kong,Chinese,Hong Kong Ta Kung Wen Wei Media Group (HKTKWW),Hong Kong Liaison Office of the Central Government ,profile.php?id=100064842371663,https://www.facebook.com/profile.php?id=100064842371663,22000.0
China Mosaic,Anglosphere,English,China International Communications Group (CICG),Central Publicity Department,ChinaMosaicbyChinaorgcn,https://www.facebook.com/ChinaMosaicbyChinaorgcn/,8183205.0
"Paper, The",Shanghai,Chinese,Shanghai United Media Group (SUMG),Shanghai Municipal Committee,thepapernews,https://www.facebook.com/thepapernews,2010.0
CGTN The Point with Liu Xin,Anglosphere,English,China Media Group (CMG),Central Publicity Department,thepointwithlx,https://www.facebook.com/thepointwithlx,7970.0
Dong Xue (Serena Dong),Anglosphere,English,China Media Group (CMG),Central Publicity Department,theserenadong,https://www.facebook.com/theserenadong/,980000.0
Guangdong Today,Guangdong,English,"Nanfang Daily Newspaper Group Co.,Ltd",Guangdong Provincial Committee,guangdongtoday,https://www.facebook.com/guangdongtoday,3000000.0
T-House,Anglosphere,English,China Media Group (CMG),Central Publicity Department,thouseopinions,https://www.facebook.com/thouseopinions/,4900000.0
He Tianran,Anglosphere,English,China Media Group (CMG),Central Publicity Department,iamtianranhe,https://www.facebook.com/iamtianranhe,593.0
Tian Wei,Anglosphere,English,China Media Group (CMG),Central Publicity Department,Tian-Wei-at-work-104942321495828,https://www.facebook.com/profile.php?id=100063605994377,1400000.0
Tibet Today,Tibet,English,China Daily Press,Tibet Autonomous Region People's Government,CNTibetToday,https://www.facebook.com/CNTibetToday,190000.0
Today Review,Hong Kong,Cantonese,AcMedia Limited,unknown,todayreview88,https://www.facebook.com/todayreview88,209000.0
Sun Xueying (Teresa Sun / Un Té con Teresa),Hispanophone,Spanish,China Media Group (CMG),Central Publicity Department,UnTeConTeresa,https://www.facebook.com/Un-T%C3%A9-con-Teresa-104117804789876/about,1200000.0
Li Yimei (Vica Li),Anglosphere,English,China Media Group (CMG),Central Publicity Department,LearnChineseWithVica,https://www.facebook.com/LearnChineseWithVica/,1300000.0
Visit Chongqing,Anglosphere,English,unknown,unknown,visitchongqing,https://www.facebook.com/visitchongqing/,6700.0
Visit Sanya,Hainan,English,Sanya Tourism Board,Sanya Municipal People's Government,Sanya.China,https://www.facebook.com/Sanya.China/,480000.0
Friendly Shandong,Shandong,English,Shandong Provincial Department of Culture and Tourism,Shandong Provincial People's Government,VisitShandong,https://www.facebook.com/VisitShandong,1400000.0
Wang Guan (Michael Wang),Anglosphere,English,China Media Group (CMG),Central Publicity Department,wangguan1984FB,https://www.facebook.com/wangguan1984FB,901000.0
Where Zhengzhou,Anglosphere,English,Zhengzhou Media Group,Zhengzhou Municipal Party Committee,wherezhengzhou,https://www.facebook.com/wherezhengzhou,10000.0
CGTN World Insight with Tian Wei,Anglosphere,English,China Media Group (CMG),Central Publicity Department,WorldInsightwithTianWei\,https://www.facebook.com/WorldInsightwithTianWei,126000.0
Wu Lei,Anglosphere,English,China Media Group (CMG),Central Publicity Department,Spacewalk2021,https://www.facebook.com/Spacewalk2021,984000.0
"Wuxi, China",Anglosphere,English,China Daily Press,Wuxi Municipal People's Government,WuxiCity,https://www.facebook.com/WuxiCity,1200000.0
Xu Xinchen (Gerald Xinchen),Anglosphere,English,China Media Group (CMG),Central Publicity Department,ideamugx,https://www.facebook.com/ideamugx,209050.0
Xinhua News Agency,China,Chinese,Xinhua News Agency,State Council,XinhuaNewsAgency,https://www.facebook.com/XinhuaNewsAgency,89898560.0
Xinhua Sci-Tech,Anglosphere,English,Xinhua News Agency,State Council,XinhuaSciTech,https://www.facebook.com/XinhuaSciTech,28000000.0
Xinhua Sports,Anglosphere,English,Xinhua News Agency,State Council,xhsports,https://www.facebook.com/xhsports,30385278.0
Xinhua Chinese,Anglosphere,English,Xinhua News Agency,State Council,xhwcn,https://www.facebook.com/xhwcn,909.0
Xinhua Net,China,Chinese,Xinhua News Agency,State Council,XinhuaNetUS,https://www.facebook.com/XinhuaNetUS,470000.0
Shang Yang (Sylvia Shang),Anglosphere,English,Xinhua News Agency,State Council,WanderingSylvia,https://www.facebook.com/WanderingSylvia/,2300000.0
Xinhua Culture & Travel,Anglosphere,English,Xinhua News Agency,State Council,XinhuaTravel,https://www.facebook.com/XinhuaTravel,24709078.0
Xi's moments,Anglosphere,English,China Daily Press,Central Publicity Department,ximoments,https://www.facebook.com/ximoments/,8700000.0
Xu Li,la Francophonie,French,China Media Group (CMG),Central Publicity Department,LechinoisavecXuLi,https://www.facebook.com/LechinoisavecXuLi,303000.0
Xu Zeyu Philip,Anglosphere,English,Xinhua News Agency,State Council,XuZeyu.Philip,https://www.facebook.com/XuZeyu.Philip/,4000000.0
Saina (Amy Saina),Anglosphere,English,China Media Group (CMG),Central Publicity Department,SainainChina,https://www.facebook.com/SainainChina/,101929.0
Yang Zhao,Anglosphere,English,China Media Group (CMG),Central Publicity Department,TIOwithYZ,https://www.facebook.com/TIOwithYZ/,1000000.0
Jiang Yuan (J'Y Pense),la Francophonie,French,China Media Group (CMG),Central Publicity Department,JYPenseChine,https://www.facebook.com/JYPenseChine/,1001593.0
Zhao Yunfei,Anglosphere,English,China Media Group (CMG),Central Publicity Department,YunfeiZh,https://www.facebook.com/YunfeiZh/,865.0
Zou Yue,Anglosphere,English,China Media Group (CMG),Central Publicity Department,YZOUFB,https://www.facebook.com/YZOUFB,1612548.0
Zhang Heqing,Pakistan,English,Ministry of Foreign Affairs,Ministry of Foreign Affairs,CulturalChinaBJ,https://www.facebook.com/CulturalChinaBJ,4600.0
Chinese Embassy in Belarus,Belarus,Belarusian,Ministry of Foreign Affairs,Ministry of Foreign Affairs,chinaemb.by,https://www.facebook.com/chinaemb.by,971.0
Assia,MENA,Arabic,China Media Group (CMG),Central Publicity Department,AssiaZNAN,https://www.facebook.com/AssiaZNAN,1900000.0
He Beibei,Hispanophone,Spanish,China Media Group (CMG),Central Publicity Department,profile.php?id=100069383274995,https://www.facebook.com/profile.php?id=100069383274995,101000.0
Cai Baofeng (Song Siao / ສອງສ່ຽວ),Laos,Laotian,China Media Group (CMG),Central Publicity Department,songsiaoCL,https://www.facebook.com/songsiaoCL/,1600000.0
China Plus Culture,Anglosphere,English,China Media Group (CMG),Central Publicity Department,chinaplusnews,https://www.facebook.com/chinaplusnews/,32000000.0
Chinese Embassy in Australia,Australia,English,Ministry of Foreign Affairs,Ministry of Foreign Affairs,ChinainAus,https://www.facebook.com/ChinainAus,5300.0
CRI Nepali,Nepal,Nepalese,China Media Group (CMG),Central Publicity Department,crinepali,https://www.facebook.com/crinepali/,3100000.0
CRI Persian,Iran,Persian,China Media Group (CMG),Central Publicity Department,persiancricn,https://www.facebook.com/persiancricn/,1300000.0
CGTN Crossover,Anglosphere,English,China Media Group (CMG),Central Publicity Department,inheritors.CGTN,https://www.facebook.com/inheritors.CGTN/,11787.0
C The Difference,Anglosphere,English,China Media Group (CMG),Central Publicity Department,C-The-Difference-107252314045277,https://www.facebook.com/C-The-Difference-107252314045277,0.0
Wu Danni (Danni Report),Egypt,English,Xinhua News Agency,State Council,DanniReport,https://www.facebook.com/DanniReport/,1800000.0
Phoenix Online,China,Chinese,Phoenix Media Investment (Holdings) Limited,Bauhinia Culture Holdings Limited,Ifenglobal,https://www.facebook.com/Ifenglobal,1100000.0
Jimena Li Yu (Jimena a tu clic),Hispanophone,Spanish,China Media Group (CMG),Central Publicity Department,JimenaAtuClic,https://www.facebook.com/JimenaAtuClic,464000.0
Ou Xiaolan (Lana Ou / Lana لانا),MENA,Arabic,China Media Group (CMG),Central Publicity Department,LanainChina,https://www.facebook.com/LanainChina,483000.0
Lin Simiao (Anahita Lin),Iran,Persian,China Media Group (CMG),Central Publicity Department,anahitachin,https://www.facebook.com/anahitachin/,1000000.0
Xing Luana (Luana em Pequim),Brazil,Portuguese,China Media Group (CMG),Central Publicity Department,LuanaemPequim,https://www.facebook.com/LuanaemPequim/,1700000.0
Lü Qianqian (Lucy Lv),Anglosphere,English,China Media Group (CMG),Central Publicity Department,lucylvlist,https://www.facebook.com/lucylvlist/,1400000.0
Xu Wei (Rain Xu / Ms V / شيو وي),MENA,Arabic,China Media Group (CMG),Central Publicity Department,MsVChina,https://www.facebook.com/MsVChina,1252603.0
Li Zexin (Skystroller),Anglosphere,English,Xinhua News Agency,State Council,Zexin.Nicolas,https://www.facebook.com/Zexin.Nicolas,342320.0
Zhu Jingtian (Tiantian),la Francophonie,French,China Media Group (CMG),Central Publicity Department,TiantianStudio,https://www.facebook.com/TiantianStudio,238000.0
Xiao Song,South Korea,Korean,China Media Group (CMG),Central Publicity Department,xiaosongchinese,https://www.facebook.com/xiaosongchinese,698000.0
Poongothai (அறுசுவை),India,Tamil,China Media Group (CMG),Central Publicity Department,Poongothaiii,https://www.facebook.com/Poongothaiii/,1700000.0
Wu Yo Yo,Anglosphere,English,China Media Group (CMG),Central Publicity Department,AdventurewithYoYo,https://www.facebook.com/AdventurewithYoYo,995000.0
Wang Bing,la Francophonie,French,China Media Group (CMG),Central Publicity Department,QuoiDeNeufEnChine,https://www.facebook.com/QuoiDeNeufEnChine,94000.0
CGTN BizTalk,Anglosphere,English,China Media Group (CMG),Central Publicity Department,CGTNBIZtalk,https://www.facebook.com/CGTNBIZtalk/,57000.0
Noreen,Pakistan,Urdu,China Media Group (CMG),Central Publicity Department,chinesenoreen,https://www.facebook.com/chinesenoreen,1500000.0
CRI Ukrainian,Ukraine,Ukrainian,China Media Group (CMG),Central Publicity Department,profile.php?id=100064337605137,https://www.facebook.com/profile.php?id=100064337605137,331000.0
CRI Hebrew,Israel,Hebrew,China Media Group (CMG),Central Publicity Department,crihebrew,https://www.facebook.com/crihebrew/,86245.0
Haixia Daobao,Taiwan,Chinese,Fujian Daily News Group,Fujian Provincial Committee,hxdb1234,https://www.facebook.com/hxdb1234/,432000.0
Yu Mama (Mama Yu),Germany,German,China Media Group (CMG),Central Publicity Department,Mama-Yu-346605806384616,https://www.facebook.com/Mama-Yu-346605806384616,42000.0
Mengyu,Germany,German,China Media Group (CMG),Central Publicity Department,MengyuChina,https://www.facebook.com/MengyuChina,133000.0
Nilaani (நிலானி),India,Tamil,China Media Group (CMG),Central Publicity Department,tpccn,https://www.facebook.com/tpccn/,6100000.0
Wang Mengchu (Kaka / Shakala Ka),Hispanophone,Spanish,China Media Group (CMG),Central Publicity Department,KakainChina,https://www.facebook.com/KakainChina,102000.0
Show Me China,Anglosphere,English,Xinhua News Agency,State Council,showmethestoryofchina,https://www.facebook.com/showmethestoryofchina/,1600000.0
Hạ Vy,Vietnam,Vietnamese,China Media Group (CMG),Central Publicity Department,H%E1%BA%A1-Vy-du-l%E1%BB%8Bch-Trung-Qu%E1%BB%91c-111965950989129,https://www.facebook.com/H%E1%BA%A1-Vy-du-l%E1%BB%8Bch-Trung-Qu%E1%BB%91c-111965950989129,165159.0
Raniya (라니),South Korea,Korean,China Media Group (CMG),Central Publicity Department,RaniyaChina,https://www.facebook.com/RaniyaChina,692000.0
Shan Ni'er (Yummy Shanny),EU,Esperanto,China Media Group (CMG),Central Publicity Department,Yummy-Shanny-108137871142423,https://www.facebook.com/Yummy-Shanny-108137871142423/,236000.0
Discover Ningxia,Anglosphere,English,Department of Culture and Tourism of Ningxia Hui Autonomous Region,Ningxia Hui Autonomous Region People's Government,DiscoverNingxia,https://www.facebook.com/DiscoverNingxia/,294000.0
Discover Tianjin,Anglosphere,English,Department of Culture and Tourism of Tianjin City,Tianjin Municipal People's Government,profile.php?id=100076267566791,https://www.facebook.com/profile.php?id=100076267566791,129000.0
Zhang Niki (Hnin Pwint Phyu),Myanmar,Burmese,China Media Group (CMG),Central Publicity Department,hninpwintphyuniki,https://www.facebook.com/hninpwintphyuniki,2600000.0
Haiwai Net (Japan Fusion Media Center),Japan,Japanese,People's Daily Press,Central Committee of the Chinese Communist Party,profile.php?id=100063859667657,https://www.facebook.com/profile.php?id=100063859667657,9900.0
Wang Iffat,Pakistan,Urdu,China Media Group (CMG),Central Publicity Department,ChinesegirlIFFAT,https://www.facebook.com/ChinesegirlIFFAT,1000000.0
Visit Beijing,Anglosphere,English,Promotional Centre of Beijing Municipal Bureau of Culture and Tourism,Beijing Municipal People's Government,BeijingTourismOfficial,https://www.facebook.com/BeijingTourismOfficial/,3300000.0
Dot News 88,Hong Kong,Cantonese,AcMedia Limited,unknown,dotnews88,https://www.facebook.com/dotnews88,58000.0
Travel in China,Anglosphere,English,China Daily Press,Central Publicity Department,ChinaDailyTravel,https://www.facebook.com/ChinaDailyTravel/,4700000.0
CCTV Kuaikan,China,Chinese,China Media Group (CMG),Central Publicity Department,profile.php?id=100086898702562,https://www.facebook.com/profile.php?id=100086898702562,1.0
CGTN Rediscovering China,Anglosphere,English,China Media Group (CMG),Central Publicity Department,CGTNRediscoveringChina,https://www.facebook.com/CGTNRediscoveringChina/,97000.0
China Plus America,USA,English,China Media Group (CMG),Central Publicity Department,chinaplusamerica,https://www.facebook.com/chinaplusamerica/,3300000.0
China Plus South Africa,South Africa,English,China Media Group (CMG),Central Publicity Department,chinaplussa,https://www.facebook.com/chinaplussa/,805000.0
China.com (English),Anglosphere,English,China Media Group (CMG),Central Publicity Department,FocusInChina,https://www.facebook.com/FocusInChina/,781000.0
Chosi,Pakistan,Urdu,China Media Group (CMG),Central Publicity Department,ChosiInUrdu,https://www.facebook.com/ChosiInUrdu/,676000.0
CRI Español (Onda China),Hispanophone,Spanish,China Media Group (CMG),Central Publicity Department,ondachinabeijing,https://www.facebook.com/ondachinabeijing,3600000.0
CRI Esperanto (Ĉina Radio Internacia),EU,Esperanto,China Media Group (CMG),Central Publicity Department,criesperanto,https://www.facebook.com/criesperanto,156000.0
CRI Hoc Tieng Trung ,Vietnam,Vietnamese,China Media Group (CMG),Central Publicity Department,crilearningchinese,https://www.facebook.com/crilearningchinese,409000.0
CRI Hộp thư Ngọc Ánh,Vietnam,Vietnamese,China Media Group (CMG),Central Publicity Department,crihopthungocanh,https://www.facebook.com/crihopthungocanh,178000.0
CRI Indonesian,Indonesia,Bahasa Indonesia,China Media Group (CMG),Central Publicity Department,indonesian.cri.cn,https://www.facebook.com/indonesian.cri.cn/,303000.0
CRI Korean,South Korea,Korean,China Media Group (CMG),Central Publicity Department,korean.cri,https://www.facebook.com/korean.cri,5500.0
CRI Laos,Laos,Laotian,China Media Group (CMG),Central Publicity Department,crifm93,https://www.facebook.com/crifm93/,1500000.0
CRI Malaysian,Malaysia,Bahasa Malaysia,China Media Group (CMG),Central Publicity Department,crimalay,https://www.facebook.com/crimalay/,1400000.0
CRI Online,Anglosphere,English,China Media Group (CMG),Central Publicity Department,CRIonlineofficial,https://www.facebook.com/CRIonlineofficial,946.0
CRI Portuguese,Portugal,Portuguese,China Media Group (CMG),Central Publicity Department,criportugues,https://www.facebook.com/criportugues/,1000000.0
CRI Romanian,Romania,Romanian,China Media Group (CMG),Central Publicity Department,criromanian,https://www.facebook.com/criromanian,496000.0
CRI Tamil,India,Tamil,China Media Group (CMG),Central Publicity Department,critamil,https://www.facebook.com/critamil,10000000.0
CRI Thai,Thailand,Thai,China Media Group (CMG),Central Publicity Department,ChinafacecriThai,https://www.facebook.com/ChinafacecriThai,2900000.0
CRI Vietnamese (Đài Phát thanh Quốc tế Trung Quốc),Vietnam,Vietnamese,China Media Group (CMG),Central Publicity Department,criviet,https://www.facebook.com/criviet/,2100000.0
Deng Ying (Viva Studio),Hispanophone,Spanish,China Media Group (CMG),Central Publicity Department,vivastudio2020,https://www.facebook.com/vivastudio2020/?ref=page_internal,1031952.0
Diễn đàn Tuổi trẻ ,Vietnam,Vietnamese,China Media Group (CMG),Central Publicity Department,crituoitre,https://www.facebook.com/crituoitre,129000.0
Ji Humin,India,Hindi,China Media Group (CMG),Central Publicity Department,ChineseHuminJi,https://www.facebook.com/ChineseHuminJi/,717000.0
Liu Min,Anglosphere,English,China Media Group (CMG),Central Publicity Department,minliuinbeijing,https://www.facebook.com/minliuinbeijing/,174212.0
Liu Rasika,Sri Lanka,Sinhalese,China Media Group (CMG),Central Publicity Department,profile.php?id=100023398432589,https://www.facebook.com/Rasika-Liu-103234834852201/,448000.0
M & V Studio,Vietnam,Vietnamese,China Media Group (CMG),Central Publicity Department,crituoitre,https://www.facebook.com/crituoitre,77505.0
Niu Honglin (Niu Niu),Anglosphere,English,China Media Group (CMG),Central Publicity Department,Niuniustillrocks,https://www.facebook.com/Niuniustillrocks/,970000.0
Ping Ping (Lụk chạd kạb p̄hing p̄hing / ลึกชัดกับผิงผิง),Thailand,Thai,China Media Group (CMG),Central Publicity Department,doubleping.china,https://www.facebook.com/doubleping.china/,176000.0
Radio Internacional de China en español,Hispanophone,Spanish,China Media Group (CMG),Central Publicity Department,criespanol,https://www.facebook.com/criespanol/,3683015.0
Secrets de chef,la Francophonie,French,China Media Group (CMG),Central Publicity Department,profile.php?id=100066989689059,https://www.facebook.com/profile.php?id=100066989689059,198143.0
Seda Mali,Sri Lanka,Sinhalese,China Media Group (CMG),Central Publicity Department,sedamali2020,https://www.facebook.com/sedamali2020,125000.0
Shi Shuai (Letizia Shi / Letizia Con Chino),Hispanophone,Spanish,China Media Group (CMG),Central Publicity Department,letiziaconchino,https://www.facebook.com/letiziaconchino/,103000.0
Sun Qing (Ilakkaya / இலக்கியா),India,Tamil,China Media Group (CMG),Central Publicity Department,IlakkiyaInChina,https://www.facebook.com/IlakkiyaInChina/,1100000.0
Tabasum,Pakistan,Urdu,China Media Group (CMG),Central Publicity Department,tabasumslife,https://www.facebook.com/Tabasums-life-108100584302366/,1100000.0
Trending in China,Anglosphere,English,China Media Group (CMG),Central Publicity Department,trendinginchina,https://www.facebook.com/trendinginchina/,1300000.0
Vica Li Eating Daily,Anglosphere,English,China Media Group (CMG),Central Publicity Department,VicaLiDaily,https://www.facebook.com/VicaLiDaily,4300.0
Zhang Murtala,Nigeria,Hausa,China Media Group (CMG),Central Publicity Department,Murtalazhang,https://www.facebook.com/Murtalazhang/,1200000.0
Zhao Songmei (Mélina Zhao),la Francophonie,French,China Media Group (CMG),Central Publicity Department,M%C3%A9lina-Zhao-117780106328613,https://www.facebook.com/M%C3%A9lina-Zhao-117780106328613/,664.0
JSChina_Com_Cn,Jiangsu,Chinese,"Jiangsu Zhongjiang Network Media Co., Ltd.",Jiangsu Provincial People's Government,profile.php?id=100068609386301,https://www.facebook.com/profile.php?id=100068609386301,5.0
Chinese Consulate General in Alexandria,Egypt,Arabic,Ministry of Foreign Affairs,Ministry of Foreign Affairs,ChinaConsulAlex,https://www.facebook.com/ChinaConsulAlex,5100.0
Chinese Consulate General in Ho Chi Minh City,Vietnam,Vietnamese,Ministry of Foreign Affairs,Ministry of Foreign Affairs,ChineseConsulateinHCM,https://www.facebook.com/ChineseConsulateinHCM,43000.0
Chinese Consulate General in Kolkata,India,English,Ministry of Foreign Affairs,Ministry of Foreign Affairs,profile.php?id=100087493236662,https://www.facebook.com/profile.php?id=100087493236662,45.0
Chinese Consulate General in Kuching,Malaysia,English,Ministry of Foreign Affairs,Ministry of Foreign Affairs,profile.php?id=61550978094668,https://www.facebook.com/profile.php?id=61550978094668,5.0
Chinese Consulate General in Penang,Malaysia,Chinese,Ministry of Foreign Affairs,Ministry of Foreign Affairs,chinaconsulateinpenang,https://www.facebook.com/chinaconsulateinpenang,2600.0
Chinese Embassy in Bangladesh,Bangladesh,Bengali,Ministry of Foreign Affairs,Ministry of Foreign Affairs,chinaembd,https://www.facebook.com/chinaembd,240000.0
Chinese Embassy in Barbados,Barbados,English,Ministry of Foreign Affairs,Ministry of Foreign Affairs,ChineseEmbassyinBB,https://www.facebook.com/ChineseEmbassyinBB,491.0
Chinese Embassy in Botswana,Botswana,English,Ministry of Foreign Affairs,Ministry of Foreign Affairs,bw.chineseembassy,https://www.facebook.com/bw.chineseembassy,41000.0
Chinese Embassy in Bulgaria,Bulgaria,Bulgarian,Ministry of Foreign Affairs,Ministry of Foreign Affairs,chineseembassyinbulgaria,https://www.facebook.com/chineseembassyinbulgaria,1600.0
Chinese Embassy in Cambodia,Cambodia,Khmer,Ministry of Foreign Affairs,Ministry of Foreign Affairs,ChineseEmbassyCambodia,https://www.facebook.com/ChineseEmbassyCambodia,78000.0
Chinese Embassy in Guyana,Guyana,English,Ministry of Foreign Affairs,Ministry of Foreign Affairs,ChineseEmbassyinGuyana,https://www.facebook.com/ChineseEmbassyinGuyana,2400.0
Chinese Embassy in Iceland,Iceland,English,Ministry of Foreign Affairs,Ministry of Foreign Affairs,ChinaInIceland,https://www.facebook.com/ChinaInIceland,989.0
Chinese Embassy in Lebanon,Lebanon,English,Ministry of Foreign Affairs,Ministry of Foreign Affairs,ChinainLebanon,https://www.facebook.com/ChinainLebanon,4000.0
Chinese Embassy in Malaysia,Malaysia,Chinese,Ministry of Foreign Affairs,Ministry of Foreign Affairs,chinaembmyCN,https://www.facebook.com/chinaembmyCN,114000.0
Chinese Embassy in Mongolia,Mongolia,English,Ministry of Foreign Affairs,Ministry of Foreign Affairs,profile.php?id=100063544484530,https://www.facebook.com/profile.php?id=100063544484530,4100.0
Chinese Embassy in Myanmar,Myanmar,Burmese,Ministry of Foreign Affairs,Ministry of Foreign Affairs,paukphawfriendship,https://www.facebook.com/paukphawfriendship,263000.0
Chinese Embassy in North Macedonia,North Macedonia,English,Ministry of Foreign Affairs,Ministry of Foreign Affairs,chinaembassynmk,https://www.facebook.com/chinaembassynmk,4300.0
Chinese Embassy in Norway,Norway,English,Ministry of Foreign Affairs,Ministry of Foreign Affairs,ChinaInNorway,https://www.facebook.com/ChinaInNorway,5100.0
Chinese Embassy in Sierra Leone,Sierra Leone,English,Ministry of Foreign Affairs,Ministry of Foreign Affairs,profile.php?id=100064919281086,https://www.facebook.com/profile.php?id=100064919281086,12000.0
Chinese Embassy in Singapore,Singapore,English,Ministry of Foreign Affairs,Ministry of Foreign Affairs,Chinaemb.SG,https://www.facebook.com/Chinaemb.SG,101000.0
Chinese Embassy in South Africa,South Africa,English,Ministry of Foreign Affairs,Ministry of Foreign Affairs,chinainsa,https://www.facebook.com/chinainsa,76000.0
Chinese Embassy in Trinidad and Tobago,Trinidad and Tobago,English,Ministry of Foreign Affairs,Ministry of Foreign Affairs,ChineseEmbinTT,https://www.facebook.com/ChineseEmbinTT,1100.0
Chinese Embassy in Vietnam,Vietnam,Vietnamese,Ministry of Foreign Affairs,Ministry of Foreign Affairs,ChineseEmbassyinHanoi,https://www.facebook.com/ChineseEmbassyinHanoi,47000.0
Xiao Junzheng,Greece,English,Ministry of Foreign Affairs,Ministry of Foreign Affairs,profile.php?id=100076260574528,https://www.facebook.com/profile.php?id=100076260574528,1000.0
Yang Gang,Singapore,Chinese,Ministry of Foreign Affairs,Ministry of Foreign Affairs,profile.php?id=100085710623943,https://www.facebook.com/profile.php?id=100085710623943,1700.0
Chinese Office of the Commissioner in Hong Kong,Hong Kong,Chinese,Office of the Commissioner of the Ministry of Foreign Affairs of the People's Republic of China in the Hong Kong Special Administrative Region,Ministry of Foreign Affairs,MFAofficeHK,https://www.facebook.com/MFAofficeHK,853000.0
Shiting Wenshan,Yunnan,Chinese,Wenshan Radio & Television Station,Wenshan Municipal People's Government,视听文山-100068200601004,https://www.facebook.com/p/%E8%A7%86%E5%90%AC%E6%96%87%E5%B1%B1-100068200601004/,15.0
New Marco Polo,Anglosphere,English,Xinhua News Agency,State Council,marcopolo.beijing/,https://www.facebook.com/marcopolo.beijing/,2300000.0
Xinhua Hong Kong,Hong Kong,Chinese,Xinhua News Agency,State Council,XinhuaHK,https://www.facebook.com/XinhuaHK,1400000.0
