Name (English),Region of Focus,Language,Entity owner (English),Parent entity (English),X (Twitter) handle,X (Twitter) URL,X (Twitter) Follower #
Yang Xinmeng (Abby Yang),Anglosphere,English,China Media Group (CMG),Central Publicity Department,_bubblyabby_,https://twitter.com/_bubblyabby_,1678.0
CGTN Culture Express,Anglosphere,English,China Media Group (CMG),Central Publicity Department,_cultureexpress,https://twitter.com/_cultureexpress,2488.0
All-China Students' Federation,China,Chinese,All-China Students' Federation,Central Committee of the Communist Youth League,ACSF1919,https://twitter.com/ACSF1919,5136.0
Chen Zhong (Dechinghutay / Ghoti),Afghanistan,Pashto,China Media Group (CMG),Central Publicity Department,afghanchina,https://twitter.com/afghanchina,1800.0
Yang Sheng,Anglosphere,English,People's Daily Press,Central Committee of the Chinese Communist Party,AlexYsalex17,https://twitter.com/AlexYsalex17,2821.0
Yunnan Gateway,Yunnan,Chinese,Yunnan Daily Press Group,State Council Information Office (SCIO),Amazing_Yunnan,https://twitter.com/Amazing_Yunnan,12400.0
Chen Xu,Switzerland,German,Ministry of Foreign Affairs,Ministry of Foreign Affairs,Amb_ChenXu,https://twitter.com/Amb_ChenXu,12600.0
Li Song,Austria,German,Ministry of Foreign Affairs,Ministry of Foreign Affairs,Amb_LiSong,https://twitter.com/Amb_LiSong,5972.0
Lu Kang,Indonesia,Bahasa Indonesia,Ministry of Foreign Affairs,Ministry of Foreign Affairs,Amb_LuKang,https://twitter.com/Amb_LuKang,40600.0
Zhang Yiming,UAE,Arabic,Ministry of Foreign Affairs,Ministry of Foreign Affairs,Amb_Yiming,https://twitter.com/Amb_Yiming,20300.0
Zhu Jing,EU,English,Ministry of Foreign Affairs,Ministry of Foreign Affairs,Amb_ZhuJing,https://twitter.com/Amb_ZhuJing,18500.0
Chinese Embassy in France,France,French,Ministry of Foreign Affairs,Ministry of Foreign Affairs,AmbassadeChine,https://twitter.com/AmbassadeChine,63800.0
Liu Yuxi,African Union,English,Ministry of Foreign Affairs,Ministry of Foreign Affairs,Ambassador_Liu,https://twitter.com/Ambassador_Liu,11200.0
Huang Xingyuan,Cyprus,English,Ministry of Foreign Affairs,Ministry of Foreign Affairs,AmbassadorHuang,https://twitter.com/AmbassadorHuang,2534.0
Lei Kezhong,Lesotho,English,Ministry of Foreign Affairs,Ministry of Foreign Affairs,AmbassadorLei,https://twitter.com/AmbassadorLei,1470.0
Chang Hua,Iran,Persian,Ministry of Foreign Affairs,Ministry of Foreign Affairs,AmbChangHua,https://twitter.com/AmbChangHua,26400.0
Chen Bo,Serbia,Serbian,Ministry of Foreign Affairs,Ministry of Foreign Affairs,AmbChenBo,https://twitter.com/AmbChenBo,12900.0
Chen Weiqing,Saudi Arabia,Arabic,Ministry of Foreign Affairs,Ministry of Foreign Affairs,AmbChenWeiqing,https://twitter.com/AmbChenWeiqing,83700.0
Chinese Embassy in Burundi,Burundi,French,Ministry of Foreign Affairs,Ministry of Foreign Affairs,AmbChineBurundi,https://twitter.com/AmbChineBurundi,4651.0
Chinese Embassy in Cameroon,Cameroon,French,Ministry of Foreign Affairs,Ministry of Foreign Affairs,AmbChineCmr,https://twitter.com/AmbChineCmr,3147.0
Chinese Embassy in Dem. Rep. of Congo (Kinshasa),Dem. Rep. of Congo,French,Ministry of Foreign Affairs,Ministry of Foreign Affairs,AmbCHINEenRDC,https://twitter.com/AmbCHINEenRDC,17400.0
Chinese Embassy in Chad,Chad,French,Ministry of Foreign Affairs,Ministry of Foreign Affairs,ambchinetchad,https://twitter.com/ambchinetchad,5478.0
Chinese Embassy in Italy,Italy,Italian,Ministry of Foreign Affairs,Ministry of Foreign Affairs,AmbCina,https://twitter.com/AmbCina,48800.0
Cui Tiankai,USA,English,Ministry of Foreign Affairs,Ministry of Foreign Affairs,AmbCuiTiankai,https://twitter.com/AmbCuiTiankai,137100.0
Dong Xiaojun,Bulgaria,English,Ministry of Foreign Affairs,Ministry of Foreign Affairs,AmbDongXiaojun,https://twitter.com/AmbDongXiaojun,8993.0
Fang Qiu,Trinidad and Tobago,English,Ministry of Foreign Affairs,Ministry of Foreign Affairs,AmbFangQiu,https://twitter.com/AmbFangQiu,1809.0
Jia Guide,Italy,Italian,Ministry of Foreign Affairs,Ministry of Foreign Affairs,AmbJiaGuide,https://twitter.com/AmbJiaGuide,6878.0
Kong Xuanyou,Japan,Japanese,Ministry of Foreign Affairs,Ministry of Foreign Affairs,AmbKongXuanyou,https://twitter.com/AmbKongXuanyou,3599.0
Liao Liqiang,Egypt,Arabic,Ministry of Foreign Affairs,Ministry of Foreign Affairs,AmbLiaoLiqiang,https://twitter.com/AmbLiaoLiqiang,16500.0
Liu Guangyuan,Poland,Polish,Ministry of Foreign Affairs,Ministry of Foreign Affairs,AmbLiuGuangYuan,https://twitter.com/AmbLiuGuangYuan,5596.0
Liu Quan,Suriname,English,Ministry of Foreign Affairs,Ministry of Foreign Affairs,AmbLiuQuan,https://twitter.com/AmbLiuQuan,13700.0
Liu Xiaoming,South Korea,English,Ministry of Foreign Affairs,Ministry of Foreign Affairs,AmbLiuXiaoMing,https://twitter.com/AmbLiuXiaoMing,329400.0
Nong Rong,Pakistan,English,Ministry of Foreign Affairs,Ministry of Foreign Affairs,AmbNong,https://twitter.com/AmbNong,61200.0
Qin Gang,USA,English,Ministry of Foreign Affairs,Ministry of Foreign Affairs,AmbQinGang,https://twitter.com/AmbQinGang,288500.0
Wu Jianghao,Japan,Japanese,Ministry of Foreign Affairs,Ministry of Foreign Affairs,AmbWuJianghao,https://twitter.com/AmbWuJianghao,4587.0
Xie Feng,USA,English,Ministry of Foreign Affairs,Ministry of Foreign Affairs,AmbXieFeng,https://twitter.com/AmbXieFeng,19400.0
Zheng Zeguang,UK,English,Ministry of Foreign Affairs,Ministry of Foreign Affairs,AmbZhengZeguang,https://twitter.com/AmbZhengZeguang,8481.0
Zhou Jian,Qatar,English,Ministry of Foreign Affairs,Ministry of Foreign Affairs,AmbZhouJian,https://twitter.com/AmbZhouJian,6682.0
Media Challengers,Anglosphere,English,China Media Group (CMG),Central Publicity Department,aMEDIAchallenge,https://twitter.com/amediachallenge,66.0
Andy Boreham,Shanghai,English,Shanghai United Media Group (SUMG),Shanghai Municipal Committee,AndyBxxx,https://twitter.com/AndyBxxx,85400.0
Ge Anna,Anglosphere,English,China Media Group (CMG),Central Publicity Department,AnnaGE_,https://twitter.com/AnnaGE_,3298.0
Wang Zeyu (Anosi Wang),Anglosphere,English,China Media Group (CMG),Central Publicity Department,anosiwang,https://twitter.com/anosiwang,208.0
We Are China,Anglosphere,English,People's Daily Press,Central Committee of the Chinese Communist Party,are_china,https://twitter.com/are_china,104.0
CGTN Assignment Asia,Anglosphere,English,China Media Group (CMG),Central Publicity Department,assignasia,https://twitter.com/assignasia,740.0
Ma Ye (Ayisha Elseenya / عائشة الصينية),MENA,Arabic,China Media Group (CMG),Central Publicity Department,ayishaelseenya,https://twitter.com/ayishaelseenya,95.0
Diba,China,Chinese,Diba,Diba,back_XiaoDiDi,https://twitter.com/back_XiaoDiDi,29300.0
Discover Jiangxi,Jiangxi,English,Jiangxi Provincial Department of Culture and Tourism,Jiangxi Provincial People's Government,BeautyJiangxi,https://twitter.com/BeautyJiangxi,88000.0
Beijing Channel,Anglosphere,English,Xinhua News Agency,State Council,BeijingChannel,https://twitter.com/Beijingchannel,1347.0
Discover Beijing,Anglosphere,English,unknown,unknown,BeijingDiscover,https://twitter.com/BeijingDiscover,22900.0
Beijing Review,Beijing,English,China International Communications Group (CICG),Central Publicity Department,BeijingReview,https://twitter.com/BeijingReview,94300.0
Belt and Road News Network,Anglosphere,English,People's Daily Press,Central Committee of the Chinese Communist Party,beltroadnews,https://twitter.com/beltroadnews,3062.0
BJD Review,China,Chinese,Beijing Daily Newspaper Group ,Beijing Municipal Committee,bjd_review,https://twitter.com/bjd_review,868.0
Zheng Chenlei (Blair Zheng),Anglosphere,English,China Media Group (CMG),Central Publicity Department,BlairZheng1,https://twitter.com/BlairZheng1,7.0
Tang Bo,Anglosphere,English,China Media Group (CMG),Central Publicity Department,Bossebosse84,https://twitter.com/Bossebosse84,215.0
Wang Cong,Anglosphere,English,People's Daily Press,Central Committee of the Chinese Communist Party,bycongwang,https://twitter.com/bycongwang,586.0
Cao Li,Anglosphere,English,Ministry of Foreign Affairs,Ministry of Foreign Affairs,Cao_Li_CHN,https://twitter.com/Cao_Li_CHN,16700.0
Cao Yi,MENA,Arabic,Ministry of Foreign Affairs,Ministry of Foreign Affairs,CaoYi_MFA,https://twitter.com/CaoYi_MFA,132900.0
Chinese Embassy in Pakistan,Pakistan,English,Ministry of Foreign Affairs,Ministry of Foreign Affairs,CathayPak,https://twitter.com/CathayPak,161000.0
Chinese Consulate General in Belfast,UK,English,Ministry of Foreign Affairs,Ministry of Foreign Affairs,CCGBelfast,https://twitter.com/CCGBelfast,7342.0
Chinese Consulate General in Jeddah,Saudi Arabia,Arabic,Ministry of Foreign Affairs,Ministry of Foreign Affairs,CCGJeddah,https://twitter.com/CCGJeddah,3268.0
CCTV+,China,Chinese,China Media Group (CMG),Central Publicity Department,CCTV_Plus,https://twitter.com/CCTV_Plus,35300.0
CCTV News,China,Chinese,China Media Group (CMG),Central Publicity Department,cctvxinwen,https://twitter.com/cctvxinwen,1340.0
Visual China,Anglosphere,English,China Daily Press,Central Publicity Department,CD_visual,https://twitter.com/CD_visual,998.0
China Daily Africa,African Union,English,China Daily Press,Central Publicity Department,CDAfricaNews,https://twitter.com/CDAfricaNews,3385.0
China Watch,Anglosphere,English,China Daily Press,Central Publicity Department,CDchinawatch,https://twitter.com/CDchinawatch,563.0
China Daily Hong Kong,Hong Kong,English,China Daily Press,Central Publicity Department,CDHKedition,https://twitter.com/CDHKedition,3717.0
CD Opinion,Anglosphere,English,China Daily Press,Central Publicity Department,CdOpinion,https://twitter.com/CdOpinion,707.0
China Daily Sci-tech,Anglosphere,English,China Daily Press,Central Publicity Department,CDscitech,https://twitter.com/CDscitech,164.0
Cen Ziyuan (Jasmine Cen),Anglosphere,English,China Media Group (CMG),Central Publicity Department,CenJasmine,https://twitter.com/CenJasmine,262.0
Chinese Consulate General in Zurich,Switzerland,German,Ministry of Foreign Affairs,Ministry of Foreign Affairs,CGChinaInZurich,https://twitter.com/CGChinaInZurich,8972.0
Huang Ping,USA,English,Ministry of Foreign Affairs,Ministry of Foreign Affairs,CGHuangPingNY,https://twitter.com/CGHuangPingNY,7556.0
Zhang Meifang,UK,English,Ministry of Foreign Affairs,Ministry of Foreign Affairs,CGMeifangZhang,https://twitter.com/CGMeifangZhang,160000.0
China Consulate in Dubai,UAE,English,Ministry of Foreign Affairs,Ministry of Foreign Affairs,CGPRCinDubai,https://twitter.com/CGPRCinDubai,3993.0
CGTN Culture,Anglosphere,English,China Media Group (CMG),Central Publicity Department,CGTN_Culture,https://twitter.com/CGTN_Culture,1537.0
CGTN Dialogue,Anglosphere,English,China Media Group (CMG),Central Publicity Department,CGTN_Dialogue,https://twitter.com/CGTN_Dialogue,1011.0
CGTN Inheritors,Anglosphere,English,China Media Group (CMG),Central Publicity Department,cgtn_inheritors,https://twitter.com/cgtn_inheritors,0.0
CGTN Style,Anglosphere,English,China Media Group (CMG),Central Publicity Department,CGTN_Style,https://twitter.com/CGTN_Style,56.0
CGTN Africa,African Union,English,China Media Group (CMG),Central Publicity Department,cgtnafrica,https://twitter.com/cgtnafrica,149100.0
CGTN America,USA,English,China Media Group (CMG),Central Publicity Department,cgtnamerica,https://twitter.com/cgtnamerica,288200.0
CGTN Arabic,MENA,Arabic,China Media Group (CMG),Central Publicity Department,cgtnarabic,https://twitter.com/cgtnarabic,668300.0
CGTN Business,Anglosphere,English,China Media Group (CMG),Central Publicity Department,CGTNBusiness,https://twitter.com/CGTNBusiness,1162.0
CGTN DC Producers,USA,English,China Media Group (CMG),Central Publicity Department,CGTNDCproducers,https://twitter.com/CGTNDCproducers,455.0
CGTN Europe,EU,English,China Media Group (CMG),Central Publicity Department,CGTNEurope,https://twitter.com/CGTNEurope,18200.0
CGTN Europe Breaking News,EU,English,China Media Group (CMG),Central Publicity Department,CGTNEuropebreak,https://twitter.com/CGTNEuropebreak,1741.0
CGTN Food,Anglosphere,English,China Media Group (CMG),Central Publicity Department,CGTNFood,https://twitter.com/CGTNFood,98.0
CGTN Français,la Francophonie,French,China Media Group (CMG),Central Publicity Department,CGTNFrancais,https://twitter.com/CGTNFrancais,977800.0
CGTN Global Business,Anglosphere,English,China Media Group (CMG),Central Publicity Department,CGTNGlobalBiz,https://twitter.com/CGTNGlobalBiz,12500.0
CGTN Graphics,Anglosphere,English,China Media Group (CMG),Central Publicity Department,CGTNGraphics,https://twitter.com/CGTNGraphics,914.0
CGTN Movies,Anglosphere,English,China Media Group (CMG),Central Publicity Department,CGTNMovies,https://twitter.com/CGTNMovies,79.0
CGTN,Anglosphere,English,China Media Group (CMG),Central Publicity Department,CGTNOfficial,https://twitter.com/CGTNOfficial,13000000.0
CGTN Radio,Anglosphere,English,China Media Group (CMG),Central Publicity Department,cgtnradio,https://twitter.com/CGTNRadio,725200.0
CGTN Russian,Russia,Russian,China Media Group (CMG),Central Publicity Department,cgtnrussian,https://twitter.com/cgtnrussian,87500.0
CGTN Sports,Anglosphere,English,China Media Group (CMG),Central Publicity Department,CGTNSports,https://twitter.com/CGTNSports,1046.0
CGTN Sports Scene,Anglosphere,English,China Media Group (CMG),Central Publicity Department,CGTNSportsScene,https://twitter.com/CGTNSportsScene,7582.0
CGTN Stories,Anglosphere,English,China Media Group (CMG),Central Publicity Department,CGTNStories,https://twitter.com/CGTNStories,1669.0
CGTN Tech,Anglosphere,English,China Media Group (CMG),Central Publicity Department,CGTNTech,https://twitter.com/CGTNTech,1206.0
CGTN Travel,Anglosphere,English,China Media Group (CMG),Central Publicity Department,CGTNTravel,https://twitter.com/CGTNTravel,494.0
CGTN Travelogue,Anglosphere,English,China Media Group (CMG),Central Publicity Department,cgtntravelogue,https://twitter.com/cgtntravelogue,973.0
CGTN United Nations,Anglosphere,English,China Media Group (CMG),Central Publicity Department,cgtnun,https://twitter.com/cgtnun,33.0
Zhang Ping,USA,English,Ministry of Foreign Affairs,Ministry of Foreign Affairs,CGZhangPingLA,https://twitter.com/CGZhangPingLA,7021.0
Liu Chen,Kenya,English,China Media Group (CMG),Central Publicity Department,Chen1126,https://twitter.com/Chen1126,2052.0
Chen Huixin,Finland,English,Ministry of Foreign Affairs,Ministry of Foreign Affairs,chenhuixin,https://twitter.com/chenhuixin,736.0
Chen Juan,Anglosphere,English,Shanghai Media Group (SMG),Shanghai Municipal Committee,Chenjuan,https://twitter.com/Chenjuan,592.0
Chen Mingjian,Tanzania,English,Ministry of Foreign Affairs,Ministry of Foreign Affairs,ChenMingjian_CN,https://twitter.com/ChenMingjian_CN,10500.0
Chen Ping,Spain,Spanish,Ministry of Foreign Affairs,Ministry of Foreign Affairs,ChenPingMFA,https://twitter.com/ChenPingMFA,8391.0
Chen Weihua,Anglosphere,English,China Daily Press,Central Publicity Department,chenweihua,https://twitter.com/chenweihua,195700.0
Chen Wendi,Somalia,English,Ministry of Foreign Affairs,Ministry of Foreign Affairs,CHENWendi11,https://twitter.com/CHENWendi11,241.0
China Focus,Anglosphere,English,China International Communications Group (CICG),Central Publicity Department,China__Focus,https://twitter.com/China__Focus,61100.0
Chinese Embassy in India,India,English,Ministry of Foreign Affairs,Ministry of Foreign Affairs,China_Amb_India,https://twitter.com/China_Amb_India,96200.0
Wang Lixin,Maldives,English,Ministry of Foreign Affairs,Ministry of Foreign Affairs,China_Amb_Mdv,https://twitter.com/China_Amb_Mdv,20100.0
Guo Shaochun,Zimbabwe,English,Ministry of Foreign Affairs,Ministry of Foreign Affairs,China_Amb_Zim,https://twitter.com/China_Amb_Zim,16400.0
Lin Jing,Anglosphere,English,Ministry of Foreign Affairs,Ministry of Foreign Affairs,CHINA_DIPLOMAT,https://twitter.com/CHINA_DIPLOMAT,11100.0
Chinese Embassy in Nigeria,Nigeria,English,Ministry of Foreign Affairs,Ministry of Foreign Affairs,china_emb_ng,https://twitter.com/china_emb_ng,4238.0
Chinese Embassy in Colombia,Colombia,English,Ministry of Foreign Affairs,Ministry of Foreign Affairs,china_embajada,https://twitter.com/china_embajada,8929.0
Chinese Consulate General in Lyon,France,French,Ministry of Foreign Affairs,Ministry of Foreign Affairs,China_Lyon,https://twitter.com/China_Lyon,2853.0
Chinese Permanent Mission to the OPCW,Netherlands,English,Ministry of Foreign Affairs,Ministry of Foreign Affairs,China_OPCW,https://twitter.com/China_OPCW,2751.0
Chinese Embassy in Ukraine,Ukraine,Ukrainian,Ministry of Foreign Affairs,Ministry of Foreign Affairs,China_Ukraine_,https://twitter.com/China_Ukraine_,882.0
"Xiamen, China",Fujian,English,Xiamen Culture and Tourism Bureau,Xiamen Municipal People's Government,china_xiamen,https://twitter.com/china_xiamen,12900.0
CGTN China Takeaway,Anglosphere,English,China Media Group (CMG),Central Publicity Department,China24Official,https://twitter.com/China24Official,2931.0
Hou Yanqi,ASEAN,English,Ministry of Foreign Affairs,Ministry of Foreign Affairs,China2ASEAN,https://twitter.com/China2ASEAN,107600.0
Cao Zhongming,Belgium,English,Ministry of Foreign Affairs,Ministry of Foreign Affairs,ChinaAmbBelgium,https://twitter.com/ChinaAmbBelgium,9679.0
Tan Jian,Netherlands,English,Ministry of Foreign Affairs,Ministry of Foreign Affairs,ChinaAmbNL,https://twitter.com/ChinaAmbNL,2907.0
Chen Xiaodong,South Africa,English,Ministry of Foreign Affairs,Ministry of Foreign Affairs,ChinaAmbSA,https://twitter.com/ChinaAmbSA,52900.0
Zhang Jun,UN,English,Ministry of Foreign Affairs,Ministry of Foreign Affairs,ChinaAmbUN,https://twitter.com/ChinaAmbUN,67800.0
Chinese Embassy in Samoa,Samoa,English,Ministry of Foreign Affairs,Ministry of Foreign Affairs,chinaandsamoa,https://twitter.com/chinaandsamoa,5368.0
Chinese Consulate General in Christchurch,New Zealand,English,Ministry of Foreign Affairs,Ministry of Foreign Affairs,ChinaCG_CC,https://twitter.com/ChinaCG_CC,2630.0
Chinese Consulate General in Frankfurt am Main,Germany,German,Ministry of Foreign Affairs,Ministry of Foreign Affairs,ChinaCG_Ffm,https://twitter.com/ChinaCG_Ffm,2908.0
Chinese Consulate General in Munich,Germany,German,Ministry of Foreign Affairs,Ministry of Foreign Affairs,ChinaCG_Muc,https://twitter.com/ChinaCG_Muc,3038.0
Chinese Consulate General in New York,USA,English,Ministry of Foreign Affairs,Ministry of Foreign Affairs,ChinaCG_NYC,https://twitter.com/ChinaCG_NYC,3067.0
Chinese Consulate General in Calgary,Canada,English,Ministry of Foreign Affairs,Ministry of Foreign Affairs,ChinaCGCalgary,https://twitter.com/ChinaCGCalgary,3689.0
Chinese Consulate General in Edinburgh,UK,English,Ministry of Foreign Affairs,Ministry of Foreign Affairs,chinacgedi,https://twitter.com/chinacgedi,3329.0
Chinese Consulate General in Montréal,Canada,French,Ministry of Foreign Affairs,Ministry of Foreign Affairs,ChinaCGMTL,https://twitter.com/ChinaCGMTL,996.0
Chinese Consulate General in Almaty,Kazakhstan,Russian,Ministry of Foreign Affairs,Ministry of Foreign Affairs,ChinaConsAlmaty,https://twitter.com/ChinaConsAlmaty,4228.0
Chinese Consulate General in Chicago,USA,English,Ministry of Foreign Affairs,Ministry of Foreign Affairs,ChinaConsulate,https://twitter.com/ChinaConsulate,5755.0
Chinese Consulate General in Istanbul Spokesperson,Türkiye,Turkish,Ministry of Foreign Affairs,Ministry of Foreign Affairs,chinaconsulist,https://twitter.com/chinaconsulist,9327.0
Chinese Consulate General in Sydney,Australia,English,Ministry of Foreign Affairs,Ministry of Foreign Affairs,ChinaConSydney,https://twitter.com/ChinaConSydney,9035.0
China Culture,Anglosphere,English,China Daily Press,Ministry of Culture and Tourism,Chinacultureorg,https://twitter.com/Chinacultureorg,24600.0
China Daily,Anglosphere,English,China Daily Press,Central Publicity Department,ChinaDaily,https://twitter.com/ChinaDaily,4100000.0
China Daily EU Bureau,EU,English,China Daily Press,Central Publicity Department,ChinaDaily_EU,https://twitter.com/ChinaDaily_EU,1375.0
China Daily Life,Anglosphere,English,China Daily Press,Central Publicity Department,ChinaDaily_Life,https://twitter.com/ChinaDaily_Life,993.0
China Daily Asia,Anglosphere,English,China Daily Press,Central Publicity Department,ChinaDailyAsia,https://twitter.com/ChinaDailyAsia,26900.0
China Daily Europe,EU,English,China Daily Press,Central Publicity Department,ChinaDailyEU,https://twitter.com/ChinaDailyEU,10200.0
China Daily World,Anglosphere,English,China Daily Press,Central Publicity Department,ChinaDailyWorld,https://twitter.com/ChinaDailyWorld,1387.0
China.com (Japanese),Japan,Japanese,China Media Group (CMG),Central Publicity Department,chinadotcom_JP,https://twitter.com/chinadotcom_JP,38100.0
Chinese Embassy in Greece,Greece,Greek,Ministry of Foreign Affairs,Ministry of Foreign Affairs,Chinaemb_Hellas,https://twitter.com/Chinaemb_Hellas,3940.0
Chinese Embassy in South Sudan,South Sudan,English,Ministry of Foreign Affairs,Ministry of Foreign Affairs,ChinaEmb_Juba,https://twitter.com/ChinaEmb_Juba,1276.0
Zhao Zhiyuan,Ethiopia,English,Ministry of Foreign Affairs,Ministry of Foreign Affairs,ChinaEmbAddis,https://twitter.com/ChinaEmbAddis,17200.0
Chinese Embassy in Chile,Chile,Spanish,Ministry of Foreign Affairs,Ministry of Foreign Affairs,ChinaEmbajada,https://twitter.com/ChinaEmbajada,2479.0
Chinese Embassy in Dominican Republic,Dominican Republic,Spanish,Ministry of Foreign Affairs,Ministry of Foreign Affairs,ChinaEmbajadaRD,https://twitter.com/ChinaEmbajadaRD,8233.0
Chinese Embassy in Algeria,Algeria,Arabic,Ministry of Foreign Affairs,Ministry of Foreign Affairs,ChinaEmbAlgeria,https://twitter.com/ChinaEmbAlgeria,15600.0
Chinese Embassy in Angola,Angola,Portuguese,Ministry of Foreign Affairs,Ministry of Foreign Affairs,ChinaEmbAngola,https://twitter.com/ChinaEmbAngola,4160.0
Chinese Embassy in Antigua and Barbuda,Antigua and Barbuda,English,Ministry of Foreign Affairs,Ministry of Foreign Affairs,ChinaEmbAntigua,https://twitter.com/ChinaEmbAntigua,1779.0
Chinese Embassy in Argentina,Argentina,Spanish,Ministry of Foreign Affairs,Ministry of Foreign Affairs,ChinaEmbArg,https://twitter.com/ChinaEmbArg,9958.0
Chinese Embassy in Maldives,Maldives,English,Ministry of Foreign Affairs,Ministry of Foreign Affairs,ChinaEmbassy_MV,https://twitter.com/ChinaEmbassy_MV,2849.0
Chinese Embassy in Malawi,Malawi,English,Ministry of Foreign Affairs,Ministry of Foreign Affairs,ChinaEmbassy_MW,https://twitter.com/ChinaEmbassy_MW,3752.0
Chinese Embassy in Albania,Albania,Albanian,Ministry of Foreign Affairs,Ministry of Foreign Affairs,ChinaembassyT,https://twitter.com/ChinaembassyT,3555.0
Chinese Embassy in Austria,Austria,German,Ministry of Foreign Affairs,Ministry of Foreign Affairs,chinaembaustria,https://twitter.com/chinaembaustria,6804.0
Chinese Embassy in Bahrain,Bahrain,Arabic,Ministry of Foreign Affairs,Ministry of Foreign Affairs,ChinaEmbBahrain,https://twitter.com/ChinaEmbBahrain,1501.0
Chinese Embassy in Rep. of Congo (Brazzaville),Rep. of Congo,French,Ministry of Foreign Affairs,Ministry of Foreign Affairs,chinaembcongobz,https://twitter.com/chinaembcongobz,3161.0
Chinese Embassy in Croatia,Croatia,English,Ministry of Foreign Affairs,Ministry of Foreign Affairs,ChinaEmbCroatia,https://twitter.com/ChinaEmbCroatia,1625.0
Chinese Embassy in Belgium,Belgium,French,Ministry of Foreign Affairs,Ministry of Foreign Affairs,ChinaEmBE,https://twitter.com/ChinaEmBE,1257.0
Chinese Embassy in Eritrea,Eritrea,English,Ministry of Foreign Affairs,Ministry of Foreign Affairs,ChinaEmbEritrea,https://twitter.com/ChinaEmbEritrea,5816.0
Chinese Embassy in Spain,Spain,Spanish,Ministry of Foreign Affairs,Ministry of Foreign Affairs,ChinaEmbEsp,https://twitter.com/ChinaEmbEsp,27300.0
Chinese Embassy in Germany,Germany,German,Ministry of Foreign Affairs,Ministry of Foreign Affairs,ChinaEmbGermany,https://twitter.com/ChinaEmbGermany,7946.0
Chinese Embassy in Grenada,Grenada,English,Ministry of Foreign Affairs,Ministry of Foreign Affairs,ChinaEmbGrenada,https://twitter.com/ChinaEmbGrenada,6585.0
Chinese Embassy in Switzerland,Switzerland,English,Ministry of Foreign Affairs,Ministry of Foreign Affairs,ChinaEmbinCH,https://twitter.com/ChinaEmbinCH,7930.0
Chinese Embassy in Ghana,Ghana,English,Ministry of Foreign Affairs,Ministry of Foreign Affairs,ChinaEmbinGH,https://twitter.com/ChinaEmbinGH,5437.0
Chinese Embassy in Mauritania,Mauritania,Arabic,Ministry of Foreign Affairs,Ministry of Foreign Affairs,ChinaEmbinMR,https://twitter.com/ChinaEmbinMR,3033.0
Chinese Embassy in New Zealand,New Zealand,English,Ministry of Foreign Affairs,Ministry of Foreign Affairs,ChinaEmbInNZ,https://twitter.com/ChinaEmbInNZ,1074.0
Chinese Embassy in Rwanda,Rwanda,English,Ministry of Foreign Affairs,Ministry of Foreign Affairs,ChinaEmbinRW,https://twitter.com/ChinaEmbinRW,2316.0
Chinese Embassy in Ireland,Ireland,English,Ministry of Foreign Affairs,Ministry of Foreign Affairs,ChinaEmbIreland,https://twitter.com/ChinaEmbIreland,5150.0
Zhao Xing,Afghanistan,English,Ministry of Foreign Affairs,Ministry of Foreign Affairs,ChinaEmbKabul,https://twitter.com/ChinaEmbKabul,27400.0
Chinese Embassy in Kazakhstan,Kazakhstan,Russian,Ministry of Foreign Affairs,Ministry of Foreign Affairs,ChinaEmbKazakh,https://twitter.com/ChinaEmbKazakh,3126.0
Chinese Embassy in Saudi Arabia,Saudi Arabia,Arabic,Ministry of Foreign Affairs,Ministry of Foreign Affairs,ChinaEmbKSA,https://twitter.com/ChinaEmbKSA,17000.0
Chinese Embassy in Kuwait,Kuwait,Arabic,Ministry of Foreign Affairs,Ministry of Foreign Affairs,ChinaEmbKuwait,https://twitter.com/ChinaEmbKuwait,3651.0
Chinese Embassy in Lesotho,Lesotho,English,Ministry of Foreign Affairs,Ministry of Foreign Affairs,ChinaEmbLesotho,https://twitter.com/ChinaEmbLesotho,1240.0
Chinese Embassy in Malta,Malta,English,Ministry of Foreign Affairs,Ministry of Foreign Affairs,ChinaEmbMalta,https://twitter.com/ChinaEmbMalta,2356.0
Chinese Embassy in Philippines,Philippines,English,Ministry of Foreign Affairs,Ministry of Foreign Affairs,Chinaembmanila,https://twitter.com/Chinaembmanila,14600.0
Chinese Embassy in Namibia,Namibia,English,Ministry of Foreign Affairs,Ministry of Foreign Affairs,ChinaEmbNamibia,https://twitter.com/ChinaEmbNamibia,1890.0
Chinese Embassy in Netherlands,Netherlands,English,Ministry of Foreign Affairs,Ministry of Foreign Affairs,ChinaEmbNL,https://twitter.com/ChinaEmbNL,5805.0
Chinese Embassy in Canada,Canada,English,Ministry of Foreign Affairs,Ministry of Foreign Affairs,ChinaEmbOttawa,https://twitter.com/ChinaEmbOttawa,15500.0
Chinese Embassy in Peru,Peru,Spanish,Ministry of Foreign Affairs,Ministry of Foreign Affairs,ChinaEmbPeru,https://twitter.com/ChinaEmbPeru,11900.0
Chinese Embassy in Poland,Poland,Polish,Ministry of Foreign Affairs,Ministry of Foreign Affairs,ChinaEmbPoland,https://twitter.com/ChinaEmbPoland,6868.0
Chinese Embassy in Portugal,Portugal,Portuguese,Ministry of Foreign Affairs,Ministry of Foreign Affairs,ChinaEmbPt,https://twitter.com/ChinaEmbPt,2896.0
Chinese Embassy in Sri Lanka,Sri Lanka,English,Ministry of Foreign Affairs,Ministry of Foreign Affairs,ChinaEmbSL,https://twitter.com/ChinaEmbSL,25600.0
Chinese Embassy in Slovakia,Slovakia,English,Ministry of Foreign Affairs,Ministry of Foreign Affairs,ChinaEmbSVK,https://twitter.com/ChinaEmbSVK,5439.0
Chinese Embassy in Slovenia,Slovenia,English,Ministry of Foreign Affairs,Ministry of Foreign Affairs,ChinaEmSlovenia,https://twitter.com/ChinaEmSlovenia,5058.0
Chinese Embassy in EU,EU,English,Ministry of Foreign Affairs,Ministry of Foreign Affairs,ChinaEUMission,https://twitter.com/ChinaEUMission,25900.0
China.org.cn (French),la Francophonie,French,China International Communications Group (CICG),Central Publicity Department,chinafrance,https://twitter.com/chinafrance,23600.0
Chinese Embassy in Denmark,Denmark,English,Ministry of Foreign Affairs,Ministry of Foreign Affairs,ChinaInDenmark,https://twitter.com/ChinaInDenmark,2128.0
Qian Minjian,Lebanon,Arabic,Ministry of Foreign Affairs,Ministry of Foreign Affairs,ChinainLebanon,https://twitter.com/ChinainLebanon,12700.0
Chinese Consulate General in Vancouver,Canada,English,Ministry of Foreign Affairs,Ministry of Foreign Affairs,ChinainVan,https://twitter.com/ChinainVan,2168.0
Chinese Embassy in Iraq,Iraq,Arabic,Ministry of Foreign Affairs,Ministry of Foreign Affairs,ChinaIraq,https://twitter.com/ChinaIraq,13200.0
Chinese Embassy in United Nations (NYC),UN,English,Ministry of Foreign Affairs,Ministry of Foreign Affairs,Chinamission2un,https://twitter.com/Chinamission2un,141500.0
Chinese Embassy in Switzerland (UN Missions),Switzerland,English,Ministry of Foreign Affairs,Ministry of Foreign Affairs,ChinaMissionGva,https://twitter.com/ChinaMissionGva,5316.0
China.org.cn (English),Anglosphere,English,China International Communications Group (CICG),Central Publicity Department,chinaorgcn,https://twitter.com/chinaorgcn,1000000.0
China Plus Podcasts,Anglosphere,English,China Media Group (CMG),Central Publicity Department,ChinaPlusPods,https://twitter.com/ChinaPlusPods,7272.0
People's Daily China Science,Anglosphere,English,People's Daily Press,Central Committee of the Chinese Communist Party,ChinaScience,https://twitter.com/ChinaScience,2000000.0
State Council Information Office (SCIO),Anglosphere,English,State Council Information Office (SCIO),State Council,chinascio,https://twitter.com/chinascio,55200.0
Wang Xiaojian,India,English,Ministry of Foreign Affairs,Ministry of Foreign Affairs,ChinaSpox_India,https://twitter.com/ChinaSpox_India,12900.0
China Today,Anglosphere,English,China International Communications Group (CICG),Central Publicity Department,chinatoday_com,https://twitter.com/ChinaToday_com,471.0
China Youth Daily,China,Chinese,China Youth Daily Press,Central Committee of the Communist Youth League,ChinaYouthOL,https://twitter.com/ChinaYouthOL,147.0
Chinese Embassy in Mali,Mali,French,Ministry of Foreign Affairs,Ministry of Foreign Affairs,Chine_au_Mali,https://twitter.com/Chine_au_Mali,4741.0
Chinese Embassy in Guinea,Guinea,French,Ministry of Foreign Affairs,Ministry of Foreign Affairs,chine_guinee,https://twitter.com/chine_guinee,5545.0
Chinese Embassy in Sénégal,Senegal,French,Ministry of Foreign Affairs,Ministry of Foreign Affairs,ChineAmbassade,https://twitter.com/ChineAmbassade,1481.0
Chinese Embassy in Djibouti,Djibouti,French,Ministry of Foreign Affairs,Ministry of Foreign Affairs,ChineAmbDjibout,https://twitter.com/ChineAmbDjibout,3205.0
Chinese Embassy in Morocco,Morocco,French,Ministry of Foreign Affairs,Ministry of Foreign Affairs,ChineAmbMaroc,https://twitter.com/ChineAmbMaroc,3360.0
Liu Jin,Gambia,English,Ministry of Foreign Affairs,Ministry of Foreign Affairs,ChineseAmb_GM,https://twitter.com/ChineseAmb_GM,1617.0
Kong Xianhua,India,English,Ministry of Foreign Affairs,Ministry of Foreign Affairs,ChineseCGMumbai,https://twitter.com/ChineseCGMumbai,1873.0
Chinese Consulate General in Melbourne,Australia,English,Ministry of Foreign Affairs,Ministry of Foreign Affairs,ChineseCon_Mel,https://twitter.com/ChineseCon_Mel,2881.0
Chinese Embassy in Fiji,Fiji,English,Ministry of Foreign Affairs,Ministry of Foreign Affairs,ChineseEmb_FJ,https://twitter.com/ChineseEmb_FJ,3216.0
Chinese Embassy in Papua New Guinea,Papua New Guinea,English,Ministry of Foreign Affairs,Ministry of Foreign Affairs,ChineseEmb_PNG,https://twitter.com/ChineseEmb_PNG,6257.0
Chinese Embassy in Uganda,Uganda,English,Ministry of Foreign Affairs,Ministry of Foreign Affairs,ChineseEmb_Uga,https://twitter.com/ChineseEmb_Uga,10800.0
Chinese Embassy in Thailand,Thailand,Thai,Ministry of Foreign Affairs,Ministry of Foreign Affairs,chineseembassy1,https://twitter.com/chineseembassy1,977.0
Chinese Embassy in Jordan,Jordan,Arabic,Ministry of Foreign Affairs,Ministry of Foreign Affairs,ChineseembassyJ,https://twitter.com/ChineseembassyJ,5365.0
Chinese Embassy in Hungary,Hungary,Hungarian,Ministry of Foreign Affairs,Ministry of Foreign Affairs,ChineseEmbinHU,https://twitter.com/ChineseEmbinHU,6367.0
Chinese Embassy in Montenegro,Montenegro,Serbian,Ministry of Foreign Affairs,Ministry of Foreign Affairs,ChineseEmbinMNE,https://twitter.com/ChineseEmbinMNE,1514.0
Chinese Embassy in Russia,Russia,Russian,Ministry of Foreign Affairs,Ministry of Foreign Affairs,ChineseEmbinRus,https://twitter.com/ChineseEmbinRus,27200.0
Chinese Embassy in United Kingdom (UK),UK,English,Ministry of Foreign Affairs,Ministry of Foreign Affairs,ChineseEmbinUK,https://twitter.com/ChineseEmbinUK,43700.0
Chinese Embassy in United States,USA,English,Ministry of Foreign Affairs,Ministry of Foreign Affairs,ChineseEmbinUS,https://twitter.com/ChineseEmbinUS,118100.0
Chinese Embassy in Kenya,Kenya,English,Ministry of Foreign Affairs,Ministry of Foreign Affairs,ChineseEmbKenya,https://twitter.com/ChineseEmbKenya,15800.0
Chinese Embassy in Yemen,Yemen,Arabic,Ministry of Foreign Affairs,Ministry of Foreign Affairs,ChineseEmbtoYEM,https://twitter.com/ChineseEmbtoYEM,62700.0
Chinese Embassy in Tanzania,Tanzania,Swahili,Ministry of Foreign Affairs,Ministry of Foreign Affairs,ChineseEmbTZ,https://twitter.com/ChineseEmbTZ,15800.0
Chinese Embassy in Estonia,Estonia,Estonian,Ministry of Foreign Affairs,Ministry of Foreign Affairs,ChineseEstonia,https://twitter.com/ChineseEstonia,1409.0
Chinese Embassy in Liberia,Liberia,English,Ministry of Foreign Affairs,Ministry of Foreign Affairs,ChineseLiberia,https://twitter.com/ChineseLiberia,6373.0
Chinese Embassy in Somalia,Somalia,English,Ministry of Foreign Affairs,Ministry of Foreign Affairs,ChineseSomalia,https://twitter.com/ChineseSomalia,12200.0
Chinese Embassy in Zimbabwe,Zimbabwe,English,Ministry of Foreign Affairs,Ministry of Foreign Affairs,ChineseZimbabwe,https://twitter.com/ChineseZimbabwe,17200.0
Chloé Zhou,la Francophonie,French,China Media Group (CMG),Central Publicity Department,chloezhou21,https://twitter.com/chloezhou21,897.0
Chinese Embassy in Egypt,Egypt,Arabic,Ministry of Foreign Affairs,Ministry of Foreign Affairs,CHN_EGY,https://twitter.com/CHN_EGY,3092.0
Chinese Consulate General in Osaka,Japan,Japanese,Ministry of Foreign Affairs,Ministry of Foreign Affairs,ChnConsul_osaka,https://twitter.com/ChnConsul_osaka,21400.0
Chinese Consulate General in Fukuoka,Japan,Japanese,Ministry of Foreign Affairs,Ministry of Foreign Affairs,ChnConsulateFuk,https://twitter.com/ChnConsulateFuk,2959.0
Chinese Consulate General in Johannesburg,South Africa,English,Ministry of Foreign Affairs,Ministry of Foreign Affairs,ChnConsulateJhb,https://twitter.com/ChnConsulateJhb,1324.0
Chinese Consulate General in Nagasaki,Japan,Japanese,Ministry of Foreign Affairs,Ministry of Foreign Affairs,ChnConsulateNag,https://twitter.com/ChnConsulateNag,992.0
Chinese Consulate General in Nagoya,Japan,Japanese,Ministry of Foreign Affairs,Ministry of Foreign Affairs,ChnConsulateNgo,https://twitter.com/ChnConsulateNgo,3339.0
Chinese Consulate General in Niigata,Japan,Japanese,Ministry of Foreign Affairs,Ministry of Foreign Affairs,ChnConsulateNgt,https://twitter.com/ChnConsulateNgt,3130.0
Chinese Embassy in Japan,Japan,Japanese,Ministry of Foreign Affairs,Ministry of Foreign Affairs,ChnEmbassy_jp,https://twitter.com/ChnEmbassy_jp,102400.0
Chinese Embassy in Sudan,Sudan,Arabic,Ministry of Foreign Affairs,Ministry of Foreign Affairs,CHNembinSudan,https://twitter.com/CHNembinSudan,6098.0
Chinese Embassy in Suriname,Suriname,English,Ministry of Foreign Affairs,Ministry of Foreign Affairs,CHNEmbSuriname,https://twitter.com/CHNEmbSuriname,1261.0
Liu Yuyin,UN,English,Ministry of Foreign Affairs,Ministry of Foreign Affairs,ChnMission,https://twitter.com/ChnMission,1755.0
China International Development Cooperation Agency (CIDCA),Anglosphere,English,China International Development Cooperation Agency (CIDCA),State Council,cidcaofficial,https://twitter.com/cidcaofficial,37900.0
CRI Italian (Radio Cina Internazionale),Italy,Italian,China Media Group (CMG),Central Publicity Department,cinitalia,https://twitter.com/cinitalia,2228.0
Yangtze View World,Hubei,Chinese,Hubei Radio & Television Station (HBTV),Hubei Provincial People's Government,cjxwh_hbtv,https://twitter.com/cjxwh_hbtv,1153.0
CGTN Closer to China,Anglosphere,English,China Media Group (CMG),Central Publicity Department,closertochina,https://twitter.com/closertochina,8795.0
China Content Center,China,Chinese,"Shanghai Guanchazhe Information Technology Co.,Ltd",Shanghai Academy of Social Sciences (SASS),CNContentCenter,https://twitter.com/CNContentCenter,43200.0
China News Service (CNS) Agency,China,Chinese,China News Service (CNS),United Front Work Department,CNS1952,https://twitter.com/CNS1952,494700.0
CRI Polish,Poland,Polish,China Media Group (CMG),Central Publicity Department,CoChwila,https://twitter.com/CoChwila,567.0
Xu Zhike (Coco Studio),la Francophonie,French,China Media Group (CMG),Central Publicity Department,CocoStudio4,https://twitter.com/CocoStudio4,982.0
Chinese Consulate General in Strasbourg,France,French,Ministry of Foreign Affairs,Ministry of Foreign Affairs,consulat_de,https://twitter.com/consulat_de,2457.0
Chinese Consulate General in San Francisco,USA,English,Ministry of Foreign Affairs,Ministry of Foreign Affairs,ConsulateSan,https://twitter.com/ConsulateSan,4221.0
Chinese Consulate General in Barcelona,Spain,Spanish,Ministry of Foreign Affairs,Ministry of Foreign Affairs,ConsulChinaBcn,https://twitter.com/ConsulChinaBcn,4495.0
Chinese Consulate General in Rio de Janeiro,Brazil,Portuguese,Ministry of Foreign Affairs,Ministry of Foreign Affairs,ConsulChinaRJ,https://twitter.com/ConsulChinaRJ,2474.0
CMG Hindi,India,Hindi,China Media Group (CMG),Central Publicity Department,cri_hindi,https://twitter.com/cri_hindi,52.0
CRI Türkçe,Türkiye,Turkish,China Media Group (CMG),Central Publicity Department,CRI_Turkish,https://twitter.com/CRI_Turkish,85200.0
CRI Arabic,MENA,Arabic,China Media Group (CMG),Central Publicity Department,criarabic,https://twitter.com/criarabic,22200.0
CRI Breaking News,Anglosphere,English,China Media Group (CMG),Central Publicity Department,CRIbrk,https://twitter.com/CRIbrk,437.0
CRI Français,la Francophonie,French,China Media Group (CMG),Central Publicity Department,CriFrancais,https://twitter.com/CriFrancais,72900.0
CRI German,Germany,German,China Media Group (CMG),Central Publicity Department,CRIGerman1,https://twitter.com/CRIGerman1,54.0
CRI Greek,Greece,Greek,China Media Group (CMG),Central Publicity Department,crigreek,https://twitter.com/crigreek,224.0
CRI Hausa,Nigeria,Hausa,China Media Group (CMG),Central Publicity Department,CRIHausaRadio,https://twitter.com/CRIHausaRadio,1275.0
CRI Japanese,Japan,Japanese,China Media Group (CMG),Central Publicity Department,CRIjpn,https://twitter.com/CRIjpn,23300.0
CRI Pashto,Afghanistan,Pashto,China Media Group (CMG),Central Publicity Department,cripashto,https://twitter.com/cripashto,59.0
CRI Sinhala,Sri Lanka,Sinhalese,China Media Group (CMG),Central Publicity Department,CRIsinhala,https://twitter.com/CRIsinhala,126.0
CRI Urdu,Pakistan,Urdu,China Media Group (CMG),Central Publicity Department,criurdu,https://twitter.com/criurdu,82.0
China State Construction (CSCEC),Anglosphere,English,China State Construction Engineering (CSCEC),State Council,CSCECNEWS,https://twitter.com/CSCECNEWS,128900.0
Zhu Danni (Danni Zhu),Anglosphere,English,China Media Group (CMG),Central Publicity Department,Danni_Zhu131,https://twitter.com/Danni_Zhu131,21.0
CRI Mongolian,Mongolia,Mongolian,China Media Group (CMG),Central Publicity Department,delkhiintsag,https://twitter.com/delkhiintsag,0.0
Wang Di'er (Deer Wang),Anglosphere,English,Xinhua News Agency,State Council,dier0806,https://twitter.com/dier0806,258.0
Ding Heng,Anglosphere,English,China Media Group (CMG),Central Publicity Department,DingHeng6,https://twitter.com/DingHeng6,67.0
DIOC,China,Chinese,Department of International Organizations and Conferences (DIOC),Ministry of Foreign Affairs,DIOC_MFA_China,https://twitter.com/DIOC_MFA_China,707.0
Discover Binhai,Anglosphere,English,Department of Culture and Tourism of Tianjin Binhai District,People's Government of Tianjin Binhai New Area,discoverbinhai,https://twitter.com/discoverbinhai,5112.0
Discover Guangxi,Anglosphere,English,Department of Culture and Tourism of Guangxi Zhuang Autonomous Region,People's Government of Guangxi Zhuang Autonomous Region,DiscoverGuangxi,https://twitter.com/DiscoverGuangxi,10700.0
Discover Jilin,Anglosphere,English,Department of Culture and Tourism of Jilin Province,Jilin Provincial People's Government,DiscoverJilin,https://twitter.com/DiscoverJilin,3627.0
Discover Nanjing,Anglosphere,English,Department of Culture and Tourism of Nanjing City,Nanjing Municipal People's Government,DiscoverNanjing,https://twitter.com/DiscoverNanjing,133100.0
Discover Zhejiang,Anglosphere,English,Department of Culture and Tourism of Zhejiang Province,People's Government of Zhejiang Province,discoverzj,https://twitter.com/discoverzj,80000.0
Li Dongning,Anglosphere,English,China Media Group (CMG),Central Publicity Department,Dongning,https://twitter.com/Dongning,336.0
FM98 Dosti Channel,Pakistan,Urdu,China Media Group (CMG),Central Publicity Department,DostiFM98,https://twitter.com/DostiFM98,49800.0
DotDot News,Hong Kong,English,Hong Kong Ta Kung Wen Wei Media Group (HKTKWW),Hong Kong Liaison Office of the Central Government ,dotdotnews111,https://twitter.com/dotdotnews111,6253.0
Zhao Qinghua,Switzerland,English,Ministry of Foreign Affairs,Ministry of Foreign Affairs,Dr_ZhaoQinghua,https://twitter.com/Dr_ZhaoQinghua,1412.0
Dragon TV,Shanghai,Chinese,Shanghai Media Group (SMG),Shanghai Municipal Committee,dragontv,https://twitter.com/dragontv,189.0
Zhao Yanbo,Botswana,English,Ministry of Foreign Affairs,Ministry of Foreign Affairs,DrZhaoYanbo,https://twitter.com/DrZhaoYanbo,2733.0
Zhao Yongchen,Grenada,English,Ministry of Foreign Affairs,Ministry of Foreign Affairs,DrZhaoyongchen,https://twitter.com/DrZhaoyongchen,4458.0
Du Ping,Anglosphere,English,Ministry of Foreign Affairs,Ministry of Foreign Affairs,dupingCHN,https://twitter.com/dupingCHN,2376.0
Discover Xinjiang,Xinjiang,English,"Beijing Jiandanshiji Culture Media Co., Ltd",unknown,DXinjiang,https://twitter.com/DXinjiang,52600.0
China News Service Net (eCNS),China,Chinese,China News Service (CNS),United Front Work Department,Echinanews,https://twitter.com/Echinanews,645100.0
Chinese Embassy in Malawi (Economic Counsellor),Malawi,English,Ministry of Foreign Affairs,Ministry of Foreign Affairs,EconomicMalawi,https://twitter.com/EconomicMalawi,96.0
Economic Daily,Anglosphere,English,Economic Daily Newspaper Group,State Council,EDNewsChina,https://twitter.com/EDNewsChina,6405.0
Chinese Embassy in Brazil,Brazil,Portuguese,Ministry of Foreign Affairs,Ministry of Foreign Affairs,EmbaixadaChina,https://twitter.com/EmbaixadaChina,119900.0
Chinese Embassy in Ecuador,Ecuador,Spanish,Ministry of Foreign Affairs,Ministry of Foreign Affairs,EmbajadaChinaEc,https://twitter.com/EmbajadaChinaEc,8261.0
Chinese Embassy in El Salvador,El Salvador,Spanish,Ministry of Foreign Affairs,Ministry of Foreign Affairs,EmbajadaChinaSV,https://twitter.com/EmbajadaChinaSV,25400.0
Wang Gang,Uruguay,Spanish,Ministry of Foreign Affairs,Ministry of Foreign Affairs,embajadorcn_uy,https://twitter.com/embajadorcn_uy,4711.0
Chinese Embassy in Tonga,Tonga,English,Ministry of Foreign Affairs,Ministry of Foreign Affairs,embassy_chinese,https://twitter.com/embassy_chinese,2533.0
Chinese Embassy in Serbia,Serbia,Serbian,Ministry of Foreign Affairs,Ministry of Foreign Affairs,EmbChina_RS,https://twitter.com/EmbChina_RS,4597.0
Chinese Embassy in Cuba,Cuba,Spanish,Ministry of Foreign Affairs,Ministry of Foreign Affairs,EmbChinaCuba,https://twitter.com/EmbChinaCuba,4947.0
Chinese Embassy in Equatorial Guinea,Equatorial Guinea,Spanish,Ministry of Foreign Affairs,Ministry of Foreign Affairs,EmbChinaGE,https://twitter.com/EmbChinaGE,4656.0
Chinese Embassy in Mexico,Mexico,Spanish,Ministry of Foreign Affairs,Ministry of Foreign Affairs,EmbChinaMex,https://twitter.com/EmbChinaMex,62000.0
Chinese Embassy in Panama,Panama,Spanish,Ministry of Foreign Affairs,Ministry of Foreign Affairs,EmbChinaPa,https://twitter.com/EmbChinaPa,2822.0
Chinese Embassy in Venezuela,Venezuela,Spanish,Ministry of Foreign Affairs,Ministry of Foreign Affairs,EmbChinaVen,https://twitter.com/EmbChinaVen,1028.0
Qi Mei,Austria,German,Ministry of Foreign Affairs,Ministry of Foreign Affairs,EmbQiMei,https://twitter.com/EmbQiMei,2122.0
Zhang Run,Mexico,Spanish,Ministry of Foreign Affairs,Ministry of Foreign Affairs,EmbZhangRun,https://twitter.com/EmbZhangRun,27100.0
Tian Yuzhen,Brazil,English,Ministry of Foreign Affairs,Ministry of Foreign Affairs,eugenioT14,https://twitter.com/eugenioT14,10700.0
Cheng Weitong,Anglosphere,English,China Media Group (CMG),Central Publicity Department,evawcheng,https://twitter.com/evawcheng,458.0
Explore Gansu,Anglosphere,English,General Office of the People's Government of Gansu Province,Gansu Provincial People's Government,ExploreGansu,https://twitter.com/ExploreGansu,23800.0
Fang Yi,Uganda,English,Ministry of Foreign Affairs,Ministry of Foreign Affairs,FangYi85320692,https://twitter.com/FangYi85320692,1069.0
Wang Xin (Fayhaa Wang),Egypt,Arabic,China Media Group (CMG),Central Publicity Department,fayhaaChina,https://twitter.com/fayhaaChina,6556.0
Feel China,Anglosphere,English,China Daily Press,Central Publicity Department,feelchina2021,https://twitter.com/feelchina2021,74.0
Xinhua Fly Over China,Anglosphere,English,Xinhua News Agency,State Council,flyoverchina,https://twitter.com/flyoverchina,672100.0
CGTN Frontline,Anglosphere,English,China Media Group (CMG),Central Publicity Department,Frontlinestory,https://twitter.com/Frontlinestory,27500.0
Fu Cong,Belgium,English,Ministry of Foreign Affairs,Ministry of Foreign Affairs,FuCong17,https://twitter.com/FuCong17,13200.0
Lu Guijin,Japan,Japanese,Ministry of Foreign Affairs,Ministry of Foreign Affairs,FukLyuGuijun,https://twitter.com/FukLyuGuijun,2841.0
CGTN Full Frame,Anglosphere,English,China Media Group (CMG),Central Publicity Department,FullFrameCGTN,https://twitter.com/FullFrameCGTN,1171.0
Fuzhou City,Fujian,Chinese,Fuzhou Culture and Tourism Bureau,Fuzhou Municipal People's Government,FuzhouCity,https://twitter.com/FuzhouCity,69200.0
Gabriel Liu,Brazil,Portuguese,Ministry of Foreign Affairs,Ministry of Foreign Affairs,gabriekestabem,https://twitter.com/gabriekestabem,1742.0
Yin Yue (Gabriel Y. Yin),China,Chinese,China Media Group (CMG),Central Publicity Department,gabrielyin,https://twitter.com/gabrielyin,20.0
Du Xiaohui,Germany,German,Ministry of Foreign Affairs,Ministry of Foreign Affairs,GeneralkonsulDu,https://twitter.com/GeneralkonsulDu,1601.0
Guo Meiping (Gladys Guo),Anglosphere,English,China Media Group (CMG),Central Publicity Department,GladysGuo,https://twitter.com/GladysGuo,11.0
GT Business Source,Anglosphere,English,People's Daily Press,Central Committee of the Chinese Communist Party,GlobalTimesBiz,https://twitter.com/GlobalTimesBiz,12800.0
GT Life,Anglosphere,English,People's Daily Press,Central Committee of the Chinese Communist Party,GlobalTimesLife,https://twitter.com/GlobalTimesLife,1992.0
Global Times,China,Chinese,People's Daily Press,Central Committee of the Chinese Communist Party,globaltimesnews,https://twitter.com/globaltimesnews,1800000.0
CGTN Global Watch,Anglosphere,English,China Media Group (CMG),Central Publicity Department,GlobalWatchCGTN,https://twitter.com/GlobalWatchCGTN,2878.0
"Jiangsu, China",Anglosphere,English,Jiangsu Provincial Department of Cultural & Tourism,Jiangsu Provincial People's Government,GoJiangsu,https://twitter.com/GoJiangsu,160600.0
GT Opinion,Anglosphere,English,People's Daily Press,Central Committee of the Chinese Communist Party,GtOpinion,https://twitter.com/GtOpinion,3297.0
Guancha Syndicate News,China,Chinese,"Shanghai Guanchazhe Information Technology Co.,Ltd",Shanghai Academy of Social Sciences (SASS),GuanchaNewMedia,https://twitter.com/GuanchaNewMedia,15800.0
Guangming Daily,China,Chinese,Guangming Daily Press,Central Publicity Department,Guangming_Daily,https://twitter.com/Guangming_Daily,226200.0
Guan Xin,Anglosphere,English,China Media Group (CMG),Central Publicity Department,GuanXinTweets,https://twitter.com/GuanXinTweets,3335.0
"Guilin, China",Guangxi,English,GLTVS,Guilin Municipal People's Government,Guilin__China,https://twitter.com/Guilin__China,51900.0
Guyan Muchan,China,Chinese,Guangdong Provincial Cyberspace Administration,Office of the Cybersecurity and Information Technology Committee of the Guangdong Provincial Committee,guyanmuchan001,https://twitter.com/guyanmuchan001,49000.0
Gwadar Pro,Pakistan,Urdu,China Media Group (CMG),Central Publicity Department,Gwadar_Pro,https://twitter.com/Gwadar_Pro,53900.0
Gong Zhe,Anglosphere,English,China Media Group (CMG),Central Publicity Department,gz1988,https://twitter.com/gz1988,37.0
Haiwai Net (People's Daily Overseas),USA,English,People's Daily Press,Central Committee of the Chinese Communist Party,haiwainet,https://twitter.com/haiwainet,1343.0
Haiwai Net (US Fusion Center),USA,English,People's Daily Press,Central Committee of the Chinese Communist Party,haiwaiwangUS,https://twitter.com/haiwaiwangUS,14600.0
Yu Yangtao (حكيم),Algeria,Arabic,Ministry of Foreign Affairs,Ministry of Foreign Affairs,Hakimyu2,https://twitter.com/Hakimyu2,3348.0
Henan TV,Henan,Chinese,Henan Broadcasting System,Henan Provincial Committee,Henan_TV,https://twitter.com/Henan_TV,2411.0
He Rulong,Iceland,English,Ministry of Foreign Affairs,Ministry of Foreign Affairs,HeRulong,https://twitter.com/HeRulong,6747.0
He Weiwei,Anglosphere,English,China Media Group (CMG),Central Publicity Department,heweiwei_,https://twitter.com/heweiwei_,267.0
Chen Peijie,Brazil,Chinese,Ministry of Foreign Affairs,Ministry of Foreign Affairs,Hongchencuxian,https://twitter.com/Hongchencuxian,2821.0
Wang Hao,Anglosphere,English,China Daily Press,Central Publicity Department,hongfenghuang,https://twitter.com/hongfenghuang,11300.0
Zhang Hongtie,Anglosphere,English,Information Department of Foreign Ministry,Ministry of Foreign Affairs,HongtieZhang,https://twitter.com/HongtieZhang,335.0
Hu Bin,São Tomé and Príncipe,Portuguese,Ministry of Foreign Affairs,Ministry of Foreign Affairs,HU_Bin_CHN,https://twitter.com/HU_Bin_CHN,2111.0
Huang Jiyuan,Anglosphere,English,People's Daily Press,Central Committee of the Chinese Communist Party,huang_jiyuan,https://twitter.com/huang_jiyuan,573.0
Global Times Net,China,Chinese,People's Daily Press,Central Committee of the Chinese Communist Party,Huanqiu_com,https://twitter.com/Huanqiu_com,71900.0
Zhao Huanxin,Anglosphere,English,China Daily Press,Central Publicity Department,huanxinzhao,https://twitter.com/huanxinzhao,1747.0
Gao Huijun,Indonesia,English,Ministry of Foreign Affairs,Ministry of Foreign Affairs,hui48298914,https://twitter.com/hui48298914,101.0
Hunan Times,Hunan,English,Hunan Rednet New Media Group,Hunan Provincial Committee,HunanTimes,https://twitter.com/HunanTimes,1328.0
Hu Xijin,Anglosphere,English,People's Daily Press,Central Committee of the Chinese Communist Party,HuXijin_GT,https://twitter.com/HuXijin_GT,548800.0
Charming Changzhou,Jiangsu,English,Jiangsu Provincial Department of Cultural & Tourism,Jiangsu Provincial People's Government,iChangzhou,https://twitter.com/iChangzhou,19100.0
iChongqing,Chongqing,English,Chongqing International Communication Center,Chongqing Municipal Committee,iChongqing_CIMC,https://twitter.com/iChongqing_CIMC,189300.0
Discover China,Anglosphere,English,China International Communications Group (CICG),Central Publicity Department,idiscoverchina,https://twitter.com/idiscoverchina,125.0
"Guizhou, China",Anglosphere,English,China Daily Press,Guizhou Provincial People's Government,iloveguizhou,https://twitter.com/iloveguizhou,49400.0
Chinese Embassy in Lithuania,Lithuania,English,Ministry of Foreign Affairs,Ministry of Foreign Affairs,in_embassy,https://twitter.com/in_embassy,17100.0
Zhang Qitong (QiTong Channel / Цитун Чжан),Russia,Russian,China Media Group (CMG),Central Publicity Department,IN_Studio2020,https://twitter.com/IN_Studio2020,90.0
In Qingdao (Meet Qingdao),Anglosphere,English,Qingdao MOFCOM,Qingdao Municipal People's Government,InQingdao,https://twitter.com/InQingdao,190100.0
Insight Ningbo,Zhejiang,English,China Daily Press,Ningbo Municipal People's Government,InsightNingbo,https://twitter.com/InsightNingbo,52900.0
iPanda,Anglosphere,English,China Media Group (CMG),Central Publicity Department,ipandacom,https://twitter.com/ipandacom,159500.0
Insight Xiangshan,Anglosphere,English,Zhejiang Media Group (ZMG),Zhejiang Provincial People's Government,IXiangshan,https://twitter.com/IXiangshan,29500.0
"Zhejiang, China",Anglosphere,English,China Daily Press,Zhejiang Provincial People's Government,izhejiang,https://twitter.com/izhejiang,88500.0
Chinese Consulate General in Jeju-Do,South Korea,Korean,Ministry of Foreign Affairs,Ministry of Foreign Affairs,jejuZLG,https://twitter.com/jejuZLG,2279.0
Zang Shijie (Jessica Zang),Anglosphere,English,China Media Group (CMG),Central Publicity Department,JessicaZ1018,https://twitter.com/JessicaZ1018,3083.0
Jiang Jiang,Anglosphere,English,Xinhua News Agency,State Council,JiangJiang43,https://twitter.com/JiangJiang43,2759.0
Li Jianhua,Anglosphere,English,China Media Group (CMG),Central Publicity Department,JianhuaLi4,https://twitter.com/JianhuaLi4,301.0
"Jilin, China",Jilin,English,China Daily Press,Jilin Provincial People's Government,JilinChina,https://twitter.com/JilinChina,29300.0
Jing Feng,Mexico,Spanish,Ministry of Foreign Affairs,Ministry of Foreign Affairs,JingFeng22,https://twitter.com/JingFeng22,1571.0
Li Jingjing,Anglosphere,English,China Media Group (CMG),Central Publicity Department,Jingjing_Li,https://twitter.com/Jingjing_Li,30000.0
Ji Tao,Anglosphere,English,China Daily Press,Central Publicity Department,jtao98,https://twitter.com/jtao98,3753.0
Jiang Wei (Julio Jiang),Panama,Spanish,Ministry of Foreign Affairs,Ministry of Foreign Affairs,juliojiangwei,https://twitter.com/juliojiangwei,7880.0
Kui Yingchun (Kate Kui),Anglosphere,English,China Media Group (CMG),Central Publicity Department,katekuibeijing,https://twitter.com/katekuibeijing,622.0
Mi Xue (Katie Mi),Anglosphere,English,China Media Group (CMG),Central Publicity Department,KatieMi17,https://twitter.com/KatieMi17,18.0
Jilin Daily,Jilin,Chinese,Jilin Daily Press,Jilin Provincial Committee,kimnaying,https://twitter.com/kimnaying,12200.0
Cao Bing,Japan,Japanese,China Media Group (CMG),Central Publicity Department,kooricuc,https://twitter.com/kooricuc,930.0
Liu Kun,Anglosphere,English,China Media Group (CMG),Central Publicity Department,KunkunkunLiu,https://twitter.com/KunkunkunLiu,106.0
Learn Chinese,Anglosphere,English,China Media Group (CMG),Central Publicity Department,learnchineese,https://twitter.com/learnchineese,378.0
Han Yingya (Lena Han / LenaStudio),la Francophonie,French,China Media Group (CMG),Central Publicity Department,lena90830,https://twitter.com/lena90830,388.0
Li Qian (Leona Li),Anglosphere,English,China Media Group (CMG),Central Publicity Department,Leona_BJ,https://twitter.com/Leona_BJ,22.0
Li Baorong,Venezuela,Spanish,Ministry of Foreign Affairs,Ministry of Foreign Affairs,Li_Baorong,https://twitter.com/Li_Baorong,8850.0
Li Xiaosi,Austria,English,Ministry of Foreign Affairs,Ministry of Foreign Affairs,li_xiaosi,https://twitter.com/li_xiaosi,47800.0
Li Yang,Anglosphere,English,Information Department of Foreign Ministry,Ministry of Foreign Affairs,Li_Yang_China,https://twitter.com/Li_Yang_China,40900.0
Li Bijian,Anglosphere,English,Ministry of Foreign Affairs,Ministry of Foreign Affairs,libijian2,https://twitter.com/libijian2,101800.0
Lin Nan,Anglosphere,English,Chengdu Municipal People's Government,Chengdu Municipal Committee,Lin_Nan1,https://twitter.com/Lin_Nan1,2361.0
Fan Lingzhi,Anglosphere,English,People's Daily Press,Central Committee of the Chinese Communist Party,lingzhi_van,https://twitter.com/lingzhi_van,293.0
Lin Hao,Thailand,English,Xinhua News Agency,State Council,LinHao_BKK,https://twitter.com/LinHao_BKK,11300.0
Liu Bo,Hispanophone,Spanish,Ministry of Foreign Affairs,Ministry of Foreign Affairs,liuboleo2,https://twitter.com/liuboleo2,2399.0
Liu Chang,Panama,Spanish,Ministry of Foreign Affairs,Ministry of Foreign Affairs,LiuChan14790671,https://twitter.com/LiuChan14790671,712.0
Liu Hongyang,Malawi,English,Ministry of Foreign Affairs,Ministry of Foreign Affairs,LiuHongyang4,https://twitter.com/LiuHongyang4,2571.0
Liu Yongfeng,African Union,English,Ministry of Foreign Affairs,Ministry of Foreign Affairs,liupheonix,https://twitter.com/liupheonix,23400.0
Liu Xin (Emily Liu),Xinjiang,English,People's Daily Press,Central Committee of the Chinese Communist Party,LiuXin_Emily,https://twitter.com/LiuXin_Emily,2418.0
Liu Xin,Anglosphere,English,China Media Group (CMG),Central Publicity Department,LiuXininBeijing,https://twitter.com/LiuXininBeijing,246100.0
Liu Yan,Netherlands,English,Ministry of Foreign Affairs,Ministry of Foreign Affairs,LiuYanCHN,https://twitter.com/LiuYanCHN,551.0
Liu Yutong,Anglosphere,English,Information Department of Foreign Ministry,Ministry of Foreign Affairs,LiuYutongpost,https://twitter.com/LiuYutongpost,183.0
Zhu Liying,Mauritius,French,Ministry of Foreign Affairs,Ministry of Foreign Affairs,LiyingZHU1,https://twitter.com/LiyingZHU1,7800.0
Love Jiaxing,Zhejiang,Chinese,"Jiaxing Radio and Television Media Co., Ltd.",Jiaxing Municipal Committee,lovejiaxing,https://twitter.com/lovejiaxing,2.0
Xu Tiefei,Costa Rica,Spanish,Ministry of Foreign Affairs,Ministry of Foreign Affairs,luisxu9,https://twitter.com/luisxu9,2236.0
Luo Will,Anglosphere,English,China Daily Press,Central Publicity Department,luowill1978,https://twitter.com/luowill1978,665.0
Jie Lynn (Lynn's Fantasy),la Francophonie,French,China Media Group (CMG),Central Publicity Department,LYNNJie3,https://twitter.com/LYNNJie3,300.0
Ma Dashuai,Anglosphere,English,China Daily Press,Central Publicity Department,machinpl,https://twitter.com/machinpl,3098.0
Ma Hui,Cuba,English,Ministry of Foreign Affairs,Ministry of Foreign Affairs,MahuiChina,https://twitter.com/MahuiChina,59800.0
Yan Yiqiang,Russia,English,Ministry of Foreign Affairs,Ministry of Foreign Affairs,MAKSIMYQY,https://twitter.com/MAKSIMYQY,8696.0
Tao Yuan (Martha Tao),Anglosphere,English,China Media Group (CMG),Central Publicity Department,MarthayTao,https://twitter.com/MarthayTao,70.0
Martina Fuchs,Anglosphere,English,Xinhua News Agency,State Council,martinaglobal,https://twitter.com/martinaglobal,38500.0
China Daily (Media Unlocked),Anglosphere,English,China Daily Press,Central Publicity Department,MediaUnlock,https://twitter.com/MediaUnlock,433.0
Zhang Lin (Melody Zhang),Anglosphere,English,China Media Group (CMG),Central Publicity Department,MelodyZ77141898,https://twitter.com/MelodyZ77141898,3.0
Foreign Ministry Spokesperson,Anglosphere,English,Ministry of Foreign Affairs,Ministry of Foreign Affairs,MFA_China,https://twitter.com/MFA_China,666400.0
Miao Xiaojuan,Anglosphere,English,Xinhua News Agency,State Council,MiaoXiaojuan,https://twitter.com/MiaoXiaojuan,6577.0
Mingala News,Myanmar,Burmese,Yunnan Media Group (YMG),Yunnan Provincial Committee,mingalanews,https://twitter.com/mingalanews,182.0
Wang Mingjie,UK,English,China Daily Press,Central Publicity Department,MingjieReporter,https://twitter.com/MingjieReporter,305.0
Zhou Yiqiu (Rachel Zhou / Miss Wow),Anglosphere,English,China Media Group (CMG),Central Publicity Department,MissWow66,https://twitter.com/MissWow66,776.0
Waruni JZ,Sri Lanka,Sinhalese,China Media Group (CMG),Central Publicity Department,MMMKKK56665147,https://twitter.com/MMMKKK56665147,340.0
Zhang Meng (Monica Zhang),Anglosphere,English,China Media Group (CMG),Central Publicity Department,mmMonicaZhang,https://twitter.com/mmMonicaZhang,58.0
Modern Express Post,Jiangsu,English,Phoenix Media Investment (Holdings) Limited,Bauhinia Culture Holdings Limited,ModernExpressEN,https://twitter.com/ModernExpressEN,2126.0
Ministry of Commerce (MOFCOM),China,Chinese,Ministry of Commerce Information Office,Ministry of Commerce (MOFCOM),MOFCOM_China,https://twitter.com/MOFCOM_China,8092.0
Mundo China,Lusophone,Portuguese,China Media Group (CMG),Central Publicity Department,mundo_china,https://twitter.com/mundo_china,6719.0
Muyi Dima (مويي),MENA,Arabic,China Media Group (CMG),Central Publicity Department,muyi_dima,https://twitter.com/muyi_dima,15000.0
Wang Yingying (A-Chan / Aちゃん),Japan,Japanese,China Media Group (CMG),Central Publicity Department,ooeieiwyy,https://twitter.com/ooeieiwyy,3435.0
Ou Jianhong,El Salvador,Spanish,Ministry of Foreign Affairs,Ministry of Foreign Affairs,oujianhong,https://twitter.com/oujianhong,15200.0
Panda Paws,USA,English,China Media Group (CMG),Central Publicity Department,panda_paws,https://twitter.com/Panda_Paws_,2235.0
Pandaorama,USA,English,China Media Group (CMG),Central Publicity Department,PandaoramaLink,https://twitter.com/PandaoramaLink,414.0
Patrick Zheng,Anglosphere,English,Xinhua News Agency,State Council,PatrickZhengCHN,https://twitter.com/PatrickZhengCHN,42500.0
People's Daily USA,USA,English,People's Daily Press,Central Committee of the Chinese Communist Party,pd_northamerica,https://twitter.com/pd_northamerica,195.0
People's Daily,China,Chinese,People's Daily Press,Central Committee of the Chinese Communist Party,PDChina,https://twitter.com/PDChina,6600000.0
People's Daily Business (Modern China),Anglosphere,English,People's Daily Press,Central Committee of the Chinese Communist Party,PDChinaBusiness,https://twitter.com/PDChinaBusiness,884200.0
People's Daily Hong Kong,Hong Kong,English,People's Daily Press,Central Committee of the Chinese Communist Party,PDChinaHK,https://twitter.com/PDChinaHK,4494.0
People's Daily Life,Anglosphere,English,People's Daily Press,Central Committee of the Chinese Communist Party,PDChinaLife,https://twitter.com/PDChinaLife,1900000.0
People's Daily Sport China,Anglosphere,English,People's Daily Press,Central Committee of the Chinese Communist Party,PDChinaSports,https://twitter.com/PDChinaSports,1000000.0
People's Daily Traditional Chinese,Anglosphere,English,People's Daily Press,Central Committee of the Chinese Communist Party,PDChinese,https://twitter.com/PDChinese,956700.0
People's Daily Online Australia,Australia,English,People's Daily Press,Central Committee of the Chinese Communist Party,PDOAUS,https://twitter.com/PDOAUS,13300.0
Zhang Peijin,Anglosphere,English,China Media Group (CMG),Central Publicity Department,peijin_zhang,https://twitter.com/peijin_zhang,2867.0
Xu Pan Yiru,Anglosphere,English,China Daily Press,Central Publicity Department,PenicilinPan,https://twitter.com/PenicilinPan,2629.0
People's Daily App,Anglosphere,English,People's Daily Press,Central Committee of the Chinese Communist Party,PeoplesDailyapp,https://twitter.com/PeoplesDailyapp,4223.0
Phoenix TV News,Anglosphere,English,Phoenix Media Investment (Holdings) Limited,Bauhinia Culture Holdings Limited,PhoenixTV_News,https://twitter.com/PhoenixTV_News,43600.0
Zhang Lizhong,Uganda,English,Ministry of Foreign Affairs,Ministry of Foreign Affairs,PRC_Amb_Uganda,https://twitter.com/PRC_Amb_Uganda,6517.0
Chen Song,Nepal,English,Ministry of Foreign Affairs,Ministry of Foreign Affairs,PRCAmbNepal,https://twitter.com/PRCAmbNepal,71400.0
Xu Hong,Netherlands,English,Ministry of Foreign Affairs,Ministry of Foreign Affairs,PRCAmbNL,https://twitter.com/PRCAmbNL,4897.0
Chinese Embassy in Czech Rep.,Czech Rep.,Czech,Ministry of Foreign Affairs,Ministry of Foreign Affairs,prcembassyprg,https://twitter.com/prcembassyprg,121.0
Chinese Embassy In Nepal,Nepal,English,Ministry of Foreign Affairs,Ministry of Foreign Affairs,PRCSpoxNepal,https://twitter.com/PRCSpoxNepal,2680.0
Lucas Zhuang,Brazil,Portuguese,Ministry of Foreign Affairs,Ministry of Foreign Affairs,promisingzhuang,https://twitter.com/promisingzhuang,5191.0
Gu Qianwen,Anglosphere,English,China Daily Press,Central Publicity Department,qianwen_gu,https://twitter.com/qianwen_gu,2019.0
Chen Qingqing,Anglosphere,English,People's Daily Press,Central Committee of the Chinese Communist Party,qingqingparis,https://twitter.com/qingqingparis,13700.0
Qiushi,China,Chinese,Qiushi Magazine Press,Central Committee of the Chinese Communist Party,QiushiJournal,https://twitter.com/QiushiJournal,7334.0
Quan Quan,Algeria,Arabic,Ministry of Foreign Affairs,Ministry of Foreign Affairs,QuanQuan_1231,https://twitter.com/QuanQuan_1231,3159.0
CRI Albanian (Radio Ejani),Albania,Albanian,China Media Group (CMG),Central Publicity Department,RadioEjani,https://twitter.com/RadioEjani,6111.0
Guancha Syndicate,China,Chinese,"Shanghai Guanchazhe Information Technology Co.,Ltd",Shanghai Academy of Social Sciences (SASS),realGuancha,https://twitter.com/realGuancha,71500.0
Ren Ke,Anglosphere,English,Xinhua News Agency,State Council,RenKeNews,https://twitter.com/RenKeNews,45400.0
Hao Zhangyu,China,Chinese,China Internet Information Center (CIIC),State Council Information Office (SCIO),reporterCHN,https://twitter.com/reporterCHN,3483.0
Chen Ribiao,South Korea,Chinese,Ministry of Foreign Affairs,Ministry of Foreign Affairs,RibiaoChen,https://twitter.com/RibiaoChen,1247.0
Bai Yunyi (Rita Bai),Anglosphere,English,People's Daily Press,Central Committee of the Chinese Communist Party,RitaBai,https://twitter.com/RitaBai,2708.0
Zhao Hong (Sabrina Zhao),Anglosphere,English,China Media Group (CMG),Central Publicity Department,Sabrina_Zhao,https://twitter.com/Sabrina_Zhao,63.0
Zhang Zhisheng,Tanzania,English,Ministry of Foreign Affairs,Ministry of Foreign Affairs,salahzhang,https://twitter.com/salahzhang,7208.0
"Sanya, China",Hainan,English,China Daily Press,Sanya Municipal People's Government,SanyaofChina,https://twitter.com/SanyaofChina,71100.0
Discover Beautiful China,Anglosphere,English,China Daily Press,Central Publicity Department,SceneryofChina,https://twitter.com/SceneryofChina,37900.0
Shaanxi Moments,Shaanxi,English,"Beijing Jiandanshiji Culture Media Co., Ltd",unknown,ShaanxiMoments,https://twitter.com/ShaanxiMoments,80700.0
Hu Jianlin (Shalevetya / שלהבתיה),Israel,Hebrew,China Media Group (CMG),Central Publicity Department,Shalevetyah,https://twitter.com/Shalevetyah,9.0
Shanghai Daily SHINE,Shanghai,English,Shanghai United Media Group (SUMG),Shanghai Municipal Committee,shanghaidaily,https://twitter.com/shanghaidaily,390700.0
Shanghai Eye,Shanghai,English,Shanghai Media Group (SMG),Shanghai Municipal Committee,ShanghaiEye,https://twitter.com/ShanghaiEye,32300.0
Zhang Shanhui (Mon Pékin Express / Jacky Zhang),la Francophonie,French,China Media Group (CMG),Central Publicity Department,Shanhui_Jacky,https://twitter.com/Shanhui_Jacky,876.0
Zhang Ziyu (Shannon Zhang),Anglosphere,English,China Media Group (CMG),Central Publicity Department,ShannonZ666,https://twitter.com/ShannonZ666,78.0
Shao Zheng,Anglosphere,English,Ministry of Foreign Affairs,Ministry of Foreign Affairs,shao_zheng,https://twitter.com/shao_zheng,2583.0
Shaoxing: A Gateway to China's History,Zhejiang,English,China Daily Press,Shaoxing Municipal People's Government,ShaoxingCity,https://twitter.com/ShaoxingCity,48700.0
Shen Shiwei,Anglosphere,English,China Media Group (CMG),Central Publicity Department,shen_shiwei,https://twitter.com/shen_shiwei,91500.0
CRI Myanmar,Myanmar,Burmese,China Media Group (CMG),Central Publicity Department,shenqihaodianzi,https://twitter.com/shenqihaodianzi,10.0
Center.Sichuan,Sichuan,English,"Sichuan Daily Online Media Development Co., Ltd.",Sichuan Provincial Committee,SichuanDaily,https://twitter.com/SichuanDaily,6026.0
Sixth Tone,Shanghai,English,Shanghai United Media Group (SUMG),Shanghai Municipal Committee,SixthTone,https://twitter.com/SixthTone,80300.0
Kankan News,Shanghai,Chinese,Shanghai Media Group (SMG),Shanghai Municipal Committee,SMGKankanews,https://twitter.com/SMGKankanews,498.0
Space Town Wenchang,Hainan,Chinese,unknown,unknown,Spacewenchang,https://twitter.com/Spacewenchang,3402.0
Hua Chunying,Anglosphere,English,Ministry of Foreign Affairs,Ministry of Foreign Affairs,SpokespersonCHN,https://twitter.com/SpokespersonCHN,2200000.0
Hu Zhaoming,Anglosphere,English,International Liaison Department,Central Committee of the Communist Party of China,SpokespersonHZM,https://twitter.com/SpokespersonHZM,9208.0
Liu Pengyu,USA,English,Ministry of Foreign Affairs,Ministry of Foreign Affairs,SpoxCHNinUS,https://twitter.com/SpoxCHNinUS,6350.0
Yue Xiaoyong,Afghanistan,English,Ministry of Foreign Affairs,Ministry of Foreign Affairs,stuartyueh,https://twitter.com/stuartyueh,2877.0
Ye Xinhua (Suad Ye),MENA,Arabic,China Media Group (CMG),Central Publicity Department,suadye,https://twitter.com/suadye,122.0
Sun Weide,Anglosphere,English,Ministry of Foreign Affairs,Ministry of Foreign Affairs,sun_weide,https://twitter.com/sun_weide,6239.0
Su Yuting,Anglosphere,English,China Media Group (CMG),Central Publicity Department,SuYuting8,https://twitter.com/SuYuting8,1239.0
Suzhou Wuzhong,Anglosphere,English,Suzhou Wuzhong District People's Government,Suzhou Municipal Committee,SuzhouWuzhong,https://twitter.com/SuzhouWuzhong,9020.0
CRI Swahili,East African Community,Swahili,China Media Group (CMG),Central Publicity Department,SWAHILICRI,https://twitter.com/SWAHILICRI,42.0
Meng Zhe,Anglosphere,English,China Daily Press,Central Publicity Department,SXiaochuan258,https://twitter.com/SXiaochuan258,1009.0
Ta Kung News,Hong Kong,Chinese,Hong Kong Ta Kung Wen Wei Media Group (HKTKWW),Hong Kong Liaison Office of the Central Government ,TakungNews,https://twitter.com/TakungNews,2122.0
Ta Kung Wen Wei,Hong Kong,Chinese,Hong Kong Ta Kung Wen Wei Media Group (HKTKWW),Hong Kong Liaison Office of the Central Government ,takungwenwei_hk,https://twitter.com/takungwenwei_hk,34600.0
China Mosaic,Anglosphere,English,China International Communications Group (CICG),Central Publicity Department,theChinaMosaic,https://twitter.com/theChinaMosaic,37.0
CGTN The Link,Anglosphere,English,China Media Group (CMG),Central Publicity Department,thelinkoncgtn,https://twitter.com/TheLinkOnCGTN,1068.0
"Paper, The",Shanghai,Chinese,Shanghai United Media Group (SUMG),Shanghai Municipal Committee,thepapercn,https://twitter.com/thepapercn,23100.0
CGTN The Point with Liu Xin,Anglosphere,English,China Media Group (CMG),Central Publicity Department,thepoint_CGTN,https://twitter.com/thepoint_CGTN,397.0
Dong Xue (Serena Dong),Anglosphere,English,China Media Group (CMG),Central Publicity Department,theserenadong,https://twitter.com/theserenadong,20900.0
Guangdong Today,Guangdong,English,"Nanfang Daily Newspaper Group Co.,Ltd",Guangdong Provincial Committee,thisisGBA,https://twitter.com/thisisGBA,83300.0
T-House,Anglosphere,English,China Media Group (CMG),Central Publicity Department,thouse_opinions,https://twitter.com/thouse_opinions,118800.0
He Tianran,Anglosphere,English,China Media Group (CMG),Central Publicity Department,tianranhe,https://twitter.com/tianranhe,56.0
Tian Wei,Anglosphere,English,China Media Group (CMG),Central Publicity Department,tianwei,https://twitter.com/tianwei,6333.0
Tibet Today,Tibet,English,China Daily Press,Tibet Autonomous Region People's Government,TibetTodayCN,https://twitter.com/TibetTodayCN,6069.0
Tide News,Zhejiang,Chinese,Zhejiang Daily Newspaper Group,Zhejiang Provincial Committee,TideNewsZJ,https://twitter.com/TideNewsZJ,6396.0
Today Review,Hong Kong,Cantonese,AcMedia Limited,unknown,Todayreview_hk,https://twitter.com/Todayreview_hk,290.0
Tong Shuo,Hong Kong,Chinese,Hong Kong China News Agency,United Front Work Department,Tong_Shuo,https://twitter.com/Tong_Shuo,11600.0
Tong Media HK,Hong Kong,Chinese,Hong Kong China News Agency,United Front Work Department,TongMediaHK,https://twitter.com/TongMediaHK,5693.0
Sun Xueying (Teresa Sun / Un Té con Teresa),Hispanophone,Spanish,China Media Group (CMG),Central Publicity Department,UnTeresa,https://twitter.com/UnTeresa,122.0
Li Yimei (Vica Li),Anglosphere,English,China Media Group (CMG),Central Publicity Department,VicaLi18,https://twitter.com/VicaLi18,1707.0
Visit Chongqing,Anglosphere,English,unknown,unknown,visitchongqing,https://twitter.com/visitchongqing,1906.0
Visit Sanya,Hainan,English,Sanya Tourism Board,Sanya Municipal People's Government,VisitSanya,https://twitter.com/VisitSanya,120400.0
Friendly Shandong,Shandong,English,Shandong Provincial Department of Culture and Tourism,Shandong Provincial People's Government,VisitShandong,https://twitter.com/VisitShandong,12600.0
"Suzhou, China",Jiangsu,English,"Suzhou Municipal Bureau of Culture, Radio, Television and Tourism",Suzhou Municipal People's Government,VisitSuzhou,https://twitter.com/VisitSuzhou,237800.0
Wang Xuejing,Anglosphere,English,China Media Group (CMG),Central Publicity Department,WANG_XUE_JING,https://twitter.com/WANG_XUE_JING,955.0
Wang Guan (Michael Wang),Anglosphere,English,China Media Group (CMG),Central Publicity Department,WangGuanBeijing,https://twitter.com/wangguanbeijing,22700.0
Wang Jialei,Bolivia,Spanish,Ministry of Foreign Affairs,Ministry of Foreign Affairs,WangJialei4,https://twitter.com/WangJialei4,5011.0
Wang Jian,Panama,Spanish,Ministry of Foreign Affairs,Ministry of Foreign Affairs,WangJianPaco,https://twitter.com/WangJianPaco,9655.0
Wang Xiaohui,Anglosphere,English,China International Communications Group (CICG),Central Publicity Department,wangxh65,https://twitter.com/wangxh65,26100.0
Wang Xianfeng,Pakistan,English,Ministry of Foreign Affairs,Ministry of Foreign Affairs,WangXianfeng8,https://twitter.com/WangXianfeng8,10100.0
Yang Wanming,Brazil,Portuguese,Ministry of Foreign Affairs,Ministry of Foreign Affairs,WanmingYang,https://twitter.com/WanmingYang,82100.0
Wave Media,Shanghai,English,"Shanghai Guanchazhe Information Technology Co.,Ltd",Shanghai Academy of Social Sciences (SASS),WaveMedia2022,https://twitter.com/WaveMedia2022,283.0
Wei Qiang,Panama,Spanish,Ministry of Foreign Affairs,Ministry of Foreign Affairs,weiasecas,https://twitter.com/weiasecas,18700.0
Wei Hongtian,Grenada,English,Ministry of Foreign Affairs,Ministry of Foreign Affairs,WeiHongtian,https://twitter.com/WeiHongtian,624.0
Wang Wenwen,Anglosphere,English,People's Daily Press,Central Committee of the Chinese Communist Party,WenwenWang1127,https://twitter.com/WenwenWang1127,12800.0
Where Zhengzhou,Anglosphere,English,Zhengzhou Media Group,Zhengzhou Municipal Party Committee,Where_Zhengzhou,https://twitter.com/Where_Zhengzhou,14900.0
CGTN World Insight with Tian Wei,Anglosphere,English,China Media Group (CMG),Central Publicity Department,WorldInsight_TW,https://twitter.com/WorldInsight_TW,2916.0
Wang QH,Maldives,English,Ministry of Foreign Affairs,Ministry of Foreign Affairs,WQHChina,https://twitter.com/WQHChina,372.0
Wang Tianyu (Evan Wang),Anglosphere,English,China Media Group (CMG),Central Publicity Department,wty510,https://twitter.com/wty510,7.0
Wu Gang,Anglosphere,English,China Media Group (CMG),Central Publicity Department,WuGang_CX,https://twitter.com/WuGang_CX,1178.0
Li Wuji,Panama,English,Ministry of Foreign Affairs,Ministry of Foreign Affairs,wuji_li,https://twitter.com/wuji_li,902.0
Wu Lei,Anglosphere,English,China Media Group (CMG),Central Publicity Department,wulei2020,https://twitter.com/wulei2020,2428.0
Wu Peng,African Union,English,Ministry of Foreign Affairs,Ministry of Foreign Affairs,WuPeng_MFAChina,https://twitter.com/WuPeng_MFAChina,34200.0
"Wuxi, China",Anglosphere,English,China Daily Press,Wuxi Municipal People's Government,WuxiCity,https://twitter.com/WuxiCity,60300.0
Xu Xinchen (Gerald Xinchen),Anglosphere,English,China Media Group (CMG),Central Publicity Department,xgx91,https://twitter.com/xgx91,630.0
Chine Nouvelle,Anglosphere,English,Xinhua News Agency,State Council,XHChineNouvelle,https://twitter.com/XHChineNouvelle,16700.0
Xinhua Japanese,Japan,Japanese,Xinhua News Agency,State Council,XHJapanese,https://twitter.com/XHJapanese,56400.0
Xinhua News Agency,China,Chinese,Xinhua News Agency,State Council,XHNews,https://twitter.com/XHNews,11900000.0
Xinhua North America,USA,English,Xinhua News Agency,State Council,XHNorthAmerica,https://twitter.com/XHNorthAmerica,35100.0
Xinhua Sci-Tech,Anglosphere,English,Xinhua News Agency,State Council,XHscitech,https://twitter.com/xhscitech,98700.0
Xinhua Sports,Anglosphere,English,Xinhua News Agency,State Council,XHSports,https://twitter.com/XHSports,870400.0
Xie Yongjun,Anglosphere,English,Information Department of Foreign Ministry,Ministry of Foreign Affairs,XIEYongjun_CHN,https://twitter.com/XIEYongjun_CHN,53500.0
Xinhua Africa,Kenya,English,Xinhua News Agency,State Council,xinhua_africa,https://twitter.com/xinhua_africa,617.0
Xinhua Chinese,Anglosphere,English,Xinhua News Agency,State Council,XinhuaChinese,https://twitter.com/XinhuaChinese,1300000.0
Xinhua Myanmar (မြန်မာ),Myanmar,Burmese,Xinhua News Agency,State Council,XinhuaMyanmar,https://twitter.com/XinhuaMyanmar,12500.0
Xinhua Net,China,Chinese,Xinhua News Agency,State Council,XinhuanetNews,https://twitter.com/XinhuanetNews,2753.0
Shang Yang (Sylvia Shang),Anglosphere,English,Xinhua News Agency,State Council,xinhuasylvia,https://twitter.com/xinhuasylvia,17.0
Xinhua Culture & Travel,Anglosphere,English,Xinhua News Agency,State Council,xinhuatravel,https://twitter.com/xinhuatravel,710100.0
Xinjiang Channel,Xinjiang,English,"Wuzhou Communication Co., Ltd.",State Council Information Office (SCIO),xinjiangchannel,https://twitter.com/xinjiangchannel,12400.0
Zhang Xinran,Anglosphere,English,China Daily Press,Central Publicity Department,xinranz98,https://twitter.com/xinranz98,570.0
Xi's moments,Anglosphere,English,China Daily Press,Central Publicity Department,XisMoments,https://twitter.com/XisMoments,102000.0
Xue Jian,Japan,Japanese,Ministry of Foreign Affairs,Ministry of Foreign Affairs,xuejianosaka,https://twitter.com/xuejianosaka,70300.0
Xu Li,la Francophonie,French,China Media Group (CMG),Central Publicity Department,XuLi52940770,https://twitter.com/XuLi52940770,728.0
Xu Zeyu Philip,Anglosphere,English,Xinhua News Agency,State Council,XuZeyu_Philip,https://twitter.com/XuZeyu_Philip,67800.0
Saina (Amy Saina),Anglosphere,English,China Media Group (CMG),Central Publicity Department,amysaina,https://twitter.com/xxxsaina,75.0
Yang Zhiyu,UK,English,Ministry of Foreign Affairs,Ministry of Foreign Affairs,yang_zhiyu1979,https://twitter.com/yang_zhiyu1979,745.0
Liu Yang,Anglosphere,English,Xinhua News Agency,State Council,yangliuxh,https://twitter.com/yangliuxh,5933.0
Yang Rui,Anglosphere,English,China Media Group (CMG),Central Publicity Department,yangrui88,https://twitter.com/yangrui88,32.0
Yang Zhao,Anglosphere,English,China Media Group (CMG),Central Publicity Department,YangZha42341102,https://twitter.com/YangZha42341102,661.0
Yao Fei,Hispanophone,Spanish,Ministry of Foreign Affairs,Ministry of Foreign Affairs,YaoFei9,https://twitter.com/YaoFei9,2135.0
Xu Yawen,Anglosphere,English,China Media Group (CMG),Central Publicity Department,yawenxu17,https://twitter.com/yawenxu17,3086.0
Ruan Yaying,Algeria,Arabic,Ministry of Foreign Affairs,Ministry of Foreign Affairs,YayingRUAN,https://twitter.com/YayingRUAN,3859.0
Yu Dunhai,Malta,English,Ministry of Foreign Affairs,Ministry of Foreign Affairs,YDunhai,https://twitter.com/YDunhai,20100.0
Yicai,Shanghai,English,Shanghai Media Group (SMG),Shanghai Municipal Committee,yicaichina,https://twitter.com/yicaichina,235700.0
Yicai Global,Shanghai,English,Shanghai Media Group (SMG),Shanghai Municipal Committee,yicaiglobalCN,https://twitter.com/yicaiglobalCN,534.0
Song Yichu,Pakistan,English,Ministry of Foreign Affairs,Ministry of Foreign Affairs,YichuSong,https://twitter.com/YichuSong,193.0
Yang Yiding,Norway,English,Ministry of Foreign Affairs,Ministry of Foreign Affairs,YidingYang_MFA,https://twitter.com/YidingYang_MFA,1555.0
Zhang Yikang (Kathie Zhang / 新米ママ・いーかん),Japan,Japanese,China Media Group (CMG),Central Publicity Department,Yikangmama,https://twitter.com/Yikangmama,291.0
Zhang Yiwen,Hispanophone,Spanish,Ministry of Foreign Affairs,Ministry of Foreign Affairs,yiwen_zh,https://twitter.com/yiwen_zh,2118.0
Liu Fangqiang (Oliver Liu),Anglosphere,English,Xinhua News Agency,State Council,YoloOliver1,https://twitter.com/YoloOliver1,28100.0
Jiang Yuan (J'Y Pense),la Francophonie,French,China Media Group (CMG),Central Publicity Department,Yuanjia33107056,https://twitter.com/Yuanjia33107056,32.0
Zhao Yunfei,Anglosphere,English,China Media Group (CMG),Central Publicity Department,Yunfei_Zh,https://twitter.com/Yunfei_Zh,1155.0
Ji Yuqiao,Anglosphere,English,People's Daily Press,Central Committee of the Chinese Communist Party,yuqiaoji,https://twitter.com/yuqiaoji,3.0
Yan Xiusheng,Barbados,English,Ministry of Foreign Affairs,Ministry of Foreign Affairs,YXiusheng,https://twitter.com/YXiusheng,8723.0
Zou Yue,Anglosphere,English,China Media Group (CMG),Central Publicity Department,YZOUTWEETS,https://twitter.com/YZOUTWEETS,371500.0
Zha Liyou,India,English,Ministry of Foreign Affairs,Ministry of Foreign Affairs,ZhaLiyou,https://twitter.com/ZhaLiyou,25600.0
Zhang Heqing,Pakistan,English,Ministry of Foreign Affairs,Ministry of Foreign Affairs,zhang_heqing,https://twitter.com/zhang_heqing,353200.0
Zhang Xi,Panama,English,Ministry of Foreign Affairs,Ministry of Foreign Affairs,Zhang_Xi77,https://twitter.com/Zhang_Xi77,1995.0
Zhang Buxin,Cuba,Spanish,Ministry of Foreign Affairs,Ministry of Foreign Affairs,zhangbuxin,https://twitter.com/zhangbuxin,1307.0
Zhanhao,China,Chinese,Wuhan Ruiying New Media Culture Communication Co.,Hubei Self-Media Association,zhanhao668,https://twitter.com/zhanhao668,2426.0
Zhao Baogang,African Union,English,Ministry of Foreign Affairs,Ministry of Foreign Affairs,zhaobaogang2011,https://twitter.com/zhaobaogang2011,3914.0
Zhao Ying,Anglosphere,English,China Media Group (CMG),Central Publicity Department,ZhaoYing_CRI,https://twitter.com/ZhaoYing_CRI,408.0
Zhengguan News,Henan,English,Zhengzhou Media Group,Zhengzhou Municipal Party Committee,ZhengguanNews,https://twitter.com/ZhengguanNews,15900.0
Zheng Junfeng,Anglosphere,English,China Media Group (CMG),Central Publicity Department,ZhengJunfeng1,https://twitter.com/ZhengJunfeng1,413.0
Shen Zhifei,Lithuania,English,Ministry of Foreign Affairs,Ministry of Foreign Affairs,ZhifeiShen,https://twitter.com/ZhifeiShen,539.0
Chinese Embassy in Belarus,Belarus,Belarusian,Ministry of Foreign Affairs,Ministry of Foreign Affairs,ZhongBai2020,https://twitter.com/ZhongBai2020,7403.0
Zhong Shi,Anglosphere,English,China Media Group (CMG),Central Publicity Department,ZhongShi_CGTN,https://twitter.com/ZhongShi_CGTN,932.0
Zhou Li,Anglosphere,English,Information Department of Foreign Ministry,Ministry of Foreign Affairs,Zhou_Li_CHN,https://twitter.com/Zhou_Li_CHN,17200.0
Zhu Jingyang,Colombia,Spanish,Ministry of Foreign Affairs,Ministry of Foreign Affairs,zhu_jingyang,https://twitter.com/zhu_jingyang,9288.0
Wang Zichen,Anglosphere,English,Xinhua News Agency,State Council,ZichenWanghere,https://twitter.com/ZichenWanghere,28600.0
Zeng Ziyi,Anglosphere,English,China Media Group (CMG),Central Publicity Department,ziyi_zeng,https://twitter.com/ziyi_zeng,355.0
Zhao Lijian,Anglosphere,English,Ministry of Foreign Affairs,Ministry of Foreign Affairs,zlj517,https://twitter.com/zlj517,1900000.0
CGTN Zoom In,Anglosphere,English,China Media Group (CMG),Central Publicity Department,ZoomIn_CGTN,https://twitter.com/ZoomIn_CGTN,109.0
Zhang Shilei (Sheila Zhang),Anglosphere,English,China Media Group (CMG),Central Publicity Department,ZShilei,https://twitter.com/ZShilei,367.0
